-- use totalhubsite;

insert into board (board_id, name, description) values (1, 'Jacqui Urion', 'Integer non velit. Donec diam neque, vestibulum eget, vulputate ut, ultrices vel, augue. Vestibulum ante ipsum primis in faucibus orci luctus et ultrices posuere cubilia Curae; Donec pharetra, magna vestibulum aliquet ultrices, erat tortor sollicitudin mi, sit amet lobortis sapien sapien non mi. Integer ac neque. Duis bibendum. Morbi non quam nec dui luctus rutrum. Nulla tellus.');
insert into board (board_id, name, description) values (2, 'Iago Bankes', 'Morbi ut odio. Cras mi pede, malesuada in, imperdiet et, commodo vulputate, justo. In blandit ultrices enim. Lorem ipsum dolor sit amet, consectetuer adipiscing elit. Proin interdum mauris non ligula pellentesque ultrices. Phasellus id sapien in sapien iaculis congue. Vivamus metus arcu, adipiscing molestie, hendrerit at, vulputate vitae, nisl. Aenean lectus.');
insert into board (board_id, name, description) values (3, 'Allister Hurich', 'Cras pellentesque volutpat dui. Maecenas tristique, est et tempus semper, est quam pharetra magna, ac consequat metus sapien ut nunc. Vestibulum ante ipsum primis in faucibus orci luctus et ultrices posuere cubilia Curae; Mauris viverra diam vitae quam. Suspendisse potenti. Nullam porttitor lacus at turpis. Donec posuere metus vitae ipsum. Aliquam non mauris. Morbi non lectus.');
insert into board (board_id, name, description) values (4, 'Moira Jakov', 'Praesent id massa id nisl venenatis lacinia. Aenean sit amet justo. Morbi ut odio. Cras mi pede, malesuada in, imperdiet et, commodo vulputate, justo. In blandit ultrices enim. Lorem ipsum dolor sit amet, consectetuer adipiscing elit. Proin interdum mauris non ligula pellentesque ultrices. Phasellus id sapien in sapien iaculis congue.');
insert into board (board_id, name, description) values (5, 'Lindsy Campbell-Dunlop', 'Nunc nisl. Duis bibendum, felis sed interdum venenatis, turpis enim blandit mi, in porttitor pede justo eu massa. Donec dapibus. Duis at velit eu est congue elementum. In hac habitasse platea dictumst.');
insert into board (board_id, name, description) values (6, 'Flossie Kelner', 'Lorem ipsum dolor sit amet, consectetuer adipiscing elit. Proin interdum mauris non ligula pellentesque ultrices. Phasellus id sapien in sapien iaculis congue. Vivamus metus arcu, adipiscing molestie, hendrerit at, vulputate vitae, nisl. Aenean lectus. Pellentesque eget nunc. Donec quis orci eget orci vehicula condimentum. Curabitur in libero ut massa volutpat convallis. Morbi odio odio, elementum eu, interdum eu, tincidunt in, leo.');
insert into board (board_id, name, description) values (7, 'Tori Stubbe', 'Integer a nibh. In quis justo. Maecenas rhoncus aliquam lacus. Morbi quis tortor id nulla ultrices aliquet. Maecenas leo odio, condimentum id, luctus nec, molestie sed, justo. Pellentesque viverra pede ac diam. Cras pellentesque volutpat dui. Maecenas tristique, est et tempus semper, est quam pharetra magna, ac consequat metus sapien ut nunc. Vestibulum ante ipsum primis in faucibus orci luctus et ultrices posuere cubilia Curae; Mauris viverra diam vitae quam.');
insert into board (board_id, name, description) values (8, 'Amberly Drews', 'Proin eu mi. Nulla ac enim. In tempor, turpis nec euismod scelerisque, quam turpis adipiscing lorem, vitae mattis nibh ligula nec sem.');
insert into board (board_id, name, description) values (9, 'Ermanno Proudman', 'Cras pellentesque volutpat dui. Maecenas tristique, est et tempus semper, est quam pharetra magna, ac consequat metus sapien ut nunc. Vestibulum ante ipsum primis in faucibus orci luctus et ultrices posuere cubilia Curae; Mauris viverra diam vitae quam. Suspendisse potenti.');
insert into board (board_id, name, description) values (10, 'Marysa Wyse', 'Etiam pretium iaculis justo. In hac habitasse platea dictumst. Etiam faucibus cursus urna. Ut tellus. Nulla ut erat id mauris vulputate elementum. Nullam varius.');

insert into post (post_id, board_id, title, content) values (1, 1, 'Strosin, Schimmel and Johns', 'Sed sagittis. Nam congue, risus semper porta volutpat, quam pede lobortis ligula, sit amet eleifend pede libero quis orci. Nullam molestie nibh in lectus. Pellentesque at nulla.');
insert into post (post_id, board_id, title, content) values (2, 1, 'Bins-Gleason', 'Aliquam erat volutpat. In congue. Etiam justo. Etiam pretium iaculis justo. In hac habitasse platea dictumst. Etiam faucibus cursus urna.');
insert into post (post_id, board_id, title, content) values (3, 1, 'VonRueden LLC', 'Nam dui. Proin leo odio, porttitor id, consequat in, consequat ut, nulla. Sed accumsan felis.');
insert into post (post_id, board_id, title, content) values (4, 1, 'Jones Inc', 'Nullam varius. Nulla facilisi. Cras non velit nec nisi vulputate nonummy. Maecenas tincidunt lacus at velit. Vivamus vel nulla eget eros elementum pellentesque.');
insert into post (post_id, board_id, title, content) values (5, 1, 'Mertz, Johns and Morar', 'Nam dui. Proin leo odio, porttitor id, consequat in, consequat ut, nulla. Sed accumsan felis. Ut at dolor quis odio consequat varius. Integer ac leo. Pellentesque ultrices mattis odio. Donec vitae nisi. Nam ultrices, libero non mattis pulvinar, nulla pede ullamcorper augue, a suscipit nulla elit ac nulla.');
insert into post (post_id, board_id, title, content) values (6, 1, 'Schulist, White and Collins', 'Nulla facilisi. Cras non velit nec nisi vulputate nonummy. Maecenas tincidunt lacus at velit. Vivamus vel nulla eget eros elementum pellentesque. Quisque porta volutpat erat. Quisque erat eros, viverra eget, congue eget, semper rutrum, nulla. Nunc purus.');
insert into post (post_id, board_id, title, content) values (7, 1, 'Windler LLC', 'In hac habitasse platea dictumst. Etiam faucibus cursus urna. Ut tellus. Nulla ut erat id mauris vulputate elementum. Nullam varius. Nulla facilisi. Cras non velit nec nisi vulputate nonummy. Maecenas tincidunt lacus at velit. Vivamus vel nulla eget eros elementum pellentesque. Quisque porta volutpat erat.');
insert into post (post_id, board_id, title, content) values (8, 1, 'Bogisich-Reinger', 'In congue. Etiam justo. Etiam pretium iaculis justo. In hac habitasse platea dictumst. Etiam faucibus cursus urna. Ut tellus. Nulla ut erat id mauris vulputate elementum.');
insert into post (post_id, board_id, title, content) values (9, 1, 'Schulist-Reilly', 'Curabitur convallis. Duis consequat dui nec nisi volutpat eleifend. Donec ut dolor. Morbi vel lectus in quam fringilla rhoncus. Mauris enim leo, rhoncus sed, vestibulum sit amet, cursus id, turpis. Integer aliquet, massa id lobortis convallis, tortor risus dapibus augue, vel accumsan tellus nisi eu orci. Mauris lacinia sapien quis libero.');
insert into post (post_id, board_id, title, content) values (10, 2, 'Hammes-Jast', 'Nulla mollis molestie lorem. Quisque ut erat. Curabitur gravida nisi at nibh. In hac habitasse platea dictumst.');
insert into post (post_id, board_id, title, content) values (11, 2, 'Zulauf Inc', 'Praesent lectus. Vestibulum quam sapien, varius ut, blandit non, interdum in, ante. Vestibulum ante ipsum primis in faucibus orci luctus et ultrices posuere cubilia Curae; Duis faucibus accumsan odio. Curabitur convallis.');
insert into post (post_id, board_id, title, content) values (12, 2, 'Tillman-Sporer', 'Aenean auctor gravida sem. Praesent id massa id nisl venenatis lacinia. Aenean sit amet justo. Morbi ut odio. Cras mi pede, malesuada in, imperdiet et, commodo vulputate, justo. In blandit ultrices enim. Lorem ipsum dolor sit amet, consectetuer adipiscing elit. Proin interdum mauris non ligula pellentesque ultrices. Phasellus id sapien in sapien iaculis congue. Vivamus metus arcu, adipiscing molestie, hendrerit at, vulputate vitae, nisl.');
insert into post (post_id, board_id, title, content) values (13, 2, 'Block-Dickens', 'In hac habitasse platea dictumst. Etiam faucibus cursus urna. Ut tellus. Nulla ut erat id mauris vulputate elementum.');
insert into post (post_id, board_id, title, content) values (14, 2, 'Dietrich, Parker and Grimes', 'Duis aliquam convallis nunc. Proin at turpis a pede posuere nonummy. Integer non velit. Donec diam neque, vestibulum eget, vulputate ut, ultrices vel, augue. Vestibulum ante ipsum primis in faucibus orci luctus et ultrices posuere cubilia Curae; Donec pharetra, magna vestibulum aliquet ultrices, erat tortor sollicitudin mi, sit amet lobortis sapien sapien non mi. Integer ac neque.');
insert into post (post_id, board_id, title, content) values (15, 2, 'Willms, Pacocha and Haley', 'Sed ante. Vivamus tortor.');
insert into post (post_id, board_id, title, content) values (16, 2, 'Barton, Conn and Bergstrom', 'Vestibulum sed magna at nunc commodo placerat.');
insert into post (post_id, board_id, title, content) values (17, 2, 'O''Conner, Harris and Crist', 'Duis bibendum. Morbi non quam nec dui luctus rutrum. Nulla tellus.');
insert into post (post_id, board_id, title, content) values (18, 2, 'Stehr, Treutel and Tillman', 'Morbi ut odio. Cras mi pede, malesuada in, imperdiet et, commodo vulputate, justo. In blandit ultrices enim. Lorem ipsum dolor sit amet, consectetuer adipiscing elit. Proin interdum mauris non ligula pellentesque ultrices. Phasellus id sapien in sapien iaculis congue. Vivamus metus arcu, adipiscing molestie, hendrerit at, vulputate vitae, nisl. Aenean lectus.');
insert into post (post_id, board_id, title, content) values (19, 2, 'Ebert-Wehner', 'Morbi vel lectus in quam fringilla rhoncus.');
insert into post (post_id, board_id, title, content) values (20, 3, 'Jones-Dietrich', 'Nunc nisl. Duis bibendum, felis sed interdum venenatis, turpis enim blandit mi, in porttitor pede justo eu massa. Donec dapibus. Duis at velit eu est congue elementum. In hac habitasse platea dictumst.');
insert into post (post_id, board_id, title, content) values (21, 3, 'Hahn, Wyman and Rippin', 'In eleifend quam a odio. In hac habitasse platea dictumst.');
insert into post (post_id, board_id, title, content) values (22, 3, 'Russel-Weissnat', 'In quis justo. Maecenas rhoncus aliquam lacus. Morbi quis tortor id nulla ultrices aliquet.');
insert into post (post_id, board_id, title, content) values (23, 3, 'Kshlerin, Ritchie and Thiel', 'Curabitur in libero ut massa volutpat convallis. Morbi odio odio, elementum eu, interdum eu, tincidunt in, leo. Maecenas pulvinar lobortis est. Phasellus sit amet erat.');
insert into post (post_id, board_id, title, content) values (24, 3, 'Keeling Group', 'Vestibulum ac est lacinia nisi venenatis tristique. Fusce congue, diam id ornare imperdiet, sapien urna pretium nisl, ut volutpat sapien arcu sed augue. Aliquam erat volutpat. In congue. Etiam justo. Etiam pretium iaculis justo. In hac habitasse platea dictumst. Etiam faucibus cursus urna. Ut tellus.');
insert into post (post_id, board_id, title, content) values (25, 3, 'Tillman LLC', 'Nunc purus. Phasellus in felis. Donec semper sapien a libero. Nam dui. Proin leo odio, porttitor id, consequat in, consequat ut, nulla. Sed accumsan felis. Ut at dolor quis odio consequat varius.');
insert into post (post_id, board_id, title, content) values (26, 3, 'Dietrich, Leannon and Runolfsdottir', 'Nunc purus. Phasellus in felis. Donec semper sapien a libero. Nam dui. Proin leo odio, porttitor id, consequat in, consequat ut, nulla. Sed accumsan felis. Ut at dolor quis odio consequat varius. Integer ac leo. Pellentesque ultrices mattis odio. Donec vitae nisi.');
insert into post (post_id, board_id, title, content) values (27, 3, 'Dooley, Schuster and Schroeder', 'Nunc purus. Phasellus in felis. Donec semper sapien a libero. Nam dui.');
insert into post (post_id, board_id, title, content) values (28, 3, 'O''Kon, Dicki and O''Reilly', 'Phasellus id sapien in sapien iaculis congue. Vivamus metus arcu, adipiscing molestie, hendrerit at, vulputate vitae, nisl. Aenean lectus. Pellentesque eget nunc. Donec quis orci eget orci vehicula condimentum.');
insert into post (post_id, board_id, title, content) values (29, 3, 'Yost, Heathcote and Botsford', 'Integer aliquet, massa id lobortis convallis, tortor risus dapibus augue, vel accumsan tellus nisi eu orci. Mauris lacinia sapien quis libero.');
insert into post (post_id, board_id, title, content) values (30, 4, 'Daniel Inc', 'Aenean lectus. Pellentesque eget nunc. Donec quis orci eget orci vehicula condimentum. Curabitur in libero ut massa volutpat convallis. Morbi odio odio, elementum eu, interdum eu, tincidunt in, leo. Maecenas pulvinar lobortis est.');
insert into post (post_id, board_id, title, content) values (31, 4, 'Bauch-Schroeder', 'Duis ac nibh.');
insert into post (post_id, board_id, title, content) values (32, 4, 'Kulas-Ryan', 'Nulla ut erat id mauris vulputate elementum. Nullam varius. Nulla facilisi. Cras non velit nec nisi vulputate nonummy. Maecenas tincidunt lacus at velit. Vivamus vel nulla eget eros elementum pellentesque.');
insert into post (post_id, board_id, title, content) values (33, 4, 'Stroman-Reichert', 'Duis bibendum. Morbi non quam nec dui luctus rutrum. Nulla tellus. In sagittis dui vel nisl. Duis ac nibh. Fusce lacus purus, aliquet at, feugiat non, pretium quis, lectus. Suspendisse potenti. In eleifend quam a odio. In hac habitasse platea dictumst. Maecenas ut massa quis augue luctus tincidunt.');
insert into post (post_id, board_id, title, content) values (34, 4, 'Bode Group', 'Etiam justo. Etiam pretium iaculis justo. In hac habitasse platea dictumst. Etiam faucibus cursus urna. Ut tellus. Nulla ut erat id mauris vulputate elementum. Nullam varius.');
insert into post (post_id, board_id, title, content) values (35, 4, 'Prosacco, Brekke and Breitenberg', 'Morbi non lectus. Aliquam sit amet diam in magna bibendum imperdiet. Nullam orci pede, venenatis non, sodales sed, tincidunt eu, felis. Fusce posuere felis sed lacus. Morbi sem mauris, laoreet ut, rhoncus aliquet, pulvinar sed, nisl. Nunc rhoncus dui vel sem. Sed sagittis. Nam congue, risus semper porta volutpat, quam pede lobortis ligula, sit amet eleifend pede libero quis orci. Nullam molestie nibh in lectus. Pellentesque at nulla.');
insert into post (post_id, board_id, title, content) values (36, 4, 'McLaughlin, Morissette and White', 'Vivamus in felis eu sapien cursus vestibulum. Proin eu mi.');
insert into post (post_id, board_id, title, content) values (37, 4, 'Gorczany Inc', 'Nulla facilisi. Cras non velit nec nisi vulputate nonummy. Maecenas tincidunt lacus at velit. Vivamus vel nulla eget eros elementum pellentesque.');
insert into post (post_id, board_id, title, content) values (38, 4, 'Treutel Group', 'Morbi sem mauris, laoreet ut, rhoncus aliquet, pulvinar sed, nisl. Nunc rhoncus dui vel sem. Sed sagittis. Nam congue, risus semper porta volutpat, quam pede lobortis ligula, sit amet eleifend pede libero quis orci. Nullam molestie nibh in lectus.');
insert into post (post_id, board_id, title, content) values (39, 4, 'Fahey, Schmitt and Hartmann', 'Nam nulla. Integer pede justo, lacinia eget, tincidunt eget, tempus vel, pede. Morbi porttitor lorem id ligula. Suspendisse ornare consequat lectus.');
insert into post (post_id, board_id, title, content) values (40, 5, 'Koch, O''Connell and Kuphal', 'Fusce consequat. Nulla nisl. Nunc nisl. Duis bibendum, felis sed interdum venenatis, turpis enim blandit mi, in porttitor pede justo eu massa.');
insert into post (post_id, board_id, title, content) values (41, 5, 'Witting Group', 'Donec semper sapien a libero. Nam dui. Proin leo odio, porttitor id, consequat in, consequat ut, nulla. Sed accumsan felis. Ut at dolor quis odio consequat varius.');
insert into post (post_id, board_id, title, content) values (42, 5, 'Zieme Group', 'Duis ac nibh. Fusce lacus purus, aliquet at, feugiat non, pretium quis, lectus. Suspendisse potenti.');
insert into post (post_id, board_id, title, content) values (43, 5, 'Lowe-Rohan', 'Vivamus metus arcu, adipiscing molestie, hendrerit at, vulputate vitae, nisl. Aenean lectus.');
insert into post (post_id, board_id, title, content) values (44, 5, 'Renner, Dietrich and Emmerich', 'Ut at dolor quis odio consequat varius. Integer ac leo. Pellentesque ultrices mattis odio. Donec vitae nisi.');
insert into post (post_id, board_id, title, content) values (45, 5, 'Heller-Mante', 'Duis ac nibh. Fusce lacus purus, aliquet at, feugiat non, pretium quis, lectus. Suspendisse potenti. In eleifend quam a odio. In hac habitasse platea dictumst. Maecenas ut massa quis augue luctus tincidunt. Nulla mollis molestie lorem.');
insert into post (post_id, board_id, title, content) values (46, 5, 'Prosacco-Hane', 'Fusce congue, diam id ornare imperdiet, sapien urna pretium nisl, ut volutpat sapien arcu sed augue. Aliquam erat volutpat. In congue. Etiam justo. Etiam pretium iaculis justo. In hac habitasse platea dictumst. Etiam faucibus cursus urna.');
insert into post (post_id, board_id, title, content) values (47, 5, 'Reichel, Parisian and Schiller', 'Vestibulum ante ipsum primis in faucibus orci luctus et ultrices posuere cubilia Curae; Donec pharetra, magna vestibulum aliquet ultrices, erat tortor sollicitudin mi, sit amet lobortis sapien sapien non mi. Integer ac neque.');
insert into post (post_id, board_id, title, content) values (48, 5, 'Wisoky, Jacobi and Boyer', 'Vestibulum ante ipsum primis in faucibus orci luctus et ultrices posuere cubilia Curae; Mauris viverra diam vitae quam. Suspendisse potenti. Nullam porttitor lacus at turpis. Donec posuere metus vitae ipsum. Aliquam non mauris. Morbi non lectus.');
insert into post (post_id, board_id, title, content) values (49, 5, 'Brekke, Becker and Franecki', 'Vestibulum ante ipsum primis in faucibus orci luctus et ultrices posuere cubilia Curae; Donec pharetra, magna vestibulum aliquet ultrices, erat tortor sollicitudin mi, sit amet lobortis sapien sapien non mi. Integer ac neque. Duis bibendum. Morbi non quam nec dui luctus rutrum. Nulla tellus. In sagittis dui vel nisl. Duis ac nibh. Fusce lacus purus, aliquet at, feugiat non, pretium quis, lectus. Suspendisse potenti.');
insert into post (post_id, board_id, title, content) values (50, 6, 'Reilly Inc', 'Vivamus in felis eu sapien cursus vestibulum. Proin eu mi.');
insert into post (post_id, board_id, title, content) values (51, 6, 'Connelly, Grimes and Emard', 'Nulla ut erat id mauris vulputate elementum.');
insert into post (post_id, board_id, title, content) values (52, 6, 'Gibson-Zulauf', 'Proin at turpis a pede posuere nonummy. Integer non velit. Donec diam neque, vestibulum eget, vulputate ut, ultrices vel, augue. Vestibulum ante ipsum primis in faucibus orci luctus et ultrices posuere cubilia Curae; Donec pharetra, magna vestibulum aliquet ultrices, erat tortor sollicitudin mi, sit amet lobortis sapien sapien non mi. Integer ac neque. Duis bibendum. Morbi non quam nec dui luctus rutrum. Nulla tellus. In sagittis dui vel nisl.');
insert into post (post_id, board_id, title, content) values (53, 6, 'Feest Inc', 'Morbi quis tortor id nulla ultrices aliquet. Maecenas leo odio, condimentum id, luctus nec, molestie sed, justo. Pellentesque viverra pede ac diam. Cras pellentesque volutpat dui.');
insert into post (post_id, board_id, title, content) values (54, 6, 'Bruen-Yost', 'Mauris enim leo, rhoncus sed, vestibulum sit amet, cursus id, turpis. Integer aliquet, massa id lobortis convallis, tortor risus dapibus augue, vel accumsan tellus nisi eu orci. Mauris lacinia sapien quis libero. Nullam sit amet turpis elementum ligula vehicula consequat. Morbi a ipsum. Integer a nibh. In quis justo. Maecenas rhoncus aliquam lacus. Morbi quis tortor id nulla ultrices aliquet.');
insert into post (post_id, board_id, title, content) values (55, 6, 'Yost, Bradtke and Lowe', 'In eleifend quam a odio. In hac habitasse platea dictumst. Maecenas ut massa quis augue luctus tincidunt. Nulla mollis molestie lorem. Quisque ut erat. Curabitur gravida nisi at nibh. In hac habitasse platea dictumst. Aliquam augue quam, sollicitudin vitae, consectetuer eget, rutrum at, lorem.');
insert into post (post_id, board_id, title, content) values (56, 6, 'Ortiz-Kertzmann', 'Nulla nisl. Nunc nisl. Duis bibendum, felis sed interdum venenatis, turpis enim blandit mi, in porttitor pede justo eu massa. Donec dapibus. Duis at velit eu est congue elementum. In hac habitasse platea dictumst. Morbi vestibulum, velit id pretium iaculis, diam erat fermentum justo, nec condimentum neque sapien placerat ante.');
insert into post (post_id, board_id, title, content) values (57, 6, 'Kovacek-Abernathy', 'Donec posuere metus vitae ipsum. Aliquam non mauris. Morbi non lectus.');
insert into post (post_id, board_id, title, content) values (58, 6, 'Blanda-Olson', 'Nulla tellus. In sagittis dui vel nisl. Duis ac nibh.');
insert into post (post_id, board_id, title, content) values (59, 6, 'McLaughlin, Boehm and Johnson', 'Donec semper sapien a libero. Nam dui. Proin leo odio, porttitor id, consequat in, consequat ut, nulla. Sed accumsan felis. Ut at dolor quis odio consequat varius.');
insert into post (post_id, board_id, title, content) values (60, 7, 'Beahan, Funk and Bahringer', 'Mauris sit amet eros. Suspendisse accumsan tortor quis turpis. Sed ante. Vivamus tortor. Duis mattis egestas metus. Aenean fermentum. Donec ut mauris eget massa tempor convallis. Nulla neque libero, convallis eget, eleifend luctus, ultricies eu, nibh. Quisque id justo sit amet sapien dignissim vestibulum. Vestibulum ante ipsum primis in faucibus orci luctus et ultrices posuere cubilia Curae; Nulla dapibus dolor vel est.');
insert into post (post_id, board_id, title, content) values (61, 7, 'Barton, Hirthe and Runolfsdottir', 'Nulla justo. Aliquam quis turpis eget elit sodales scelerisque.');
insert into post (post_id, board_id, title, content) values (62, 7, 'Kuhn, Gislason and Auer', 'Aliquam sit amet diam in magna bibendum imperdiet. Nullam orci pede, venenatis non, sodales sed, tincidunt eu, felis. Fusce posuere felis sed lacus. Morbi sem mauris, laoreet ut, rhoncus aliquet, pulvinar sed, nisl. Nunc rhoncus dui vel sem. Sed sagittis.');
insert into post (post_id, board_id, title, content) values (63, 7, 'Robel, Volkman and Ernser', 'In eleifend quam a odio. In hac habitasse platea dictumst. Maecenas ut massa quis augue luctus tincidunt. Nulla mollis molestie lorem. Quisque ut erat. Curabitur gravida nisi at nibh. In hac habitasse platea dictumst. Aliquam augue quam, sollicitudin vitae, consectetuer eget, rutrum at, lorem.');
insert into post (post_id, board_id, title, content) values (64, 7, 'Gibson Group', 'Etiam faucibus cursus urna. Ut tellus. Nulla ut erat id mauris vulputate elementum. Nullam varius. Nulla facilisi. Cras non velit nec nisi vulputate nonummy. Maecenas tincidunt lacus at velit. Vivamus vel nulla eget eros elementum pellentesque. Quisque porta volutpat erat. Quisque erat eros, viverra eget, congue eget, semper rutrum, nulla.');
insert into post (post_id, board_id, title, content) values (65, 7, 'Yost-Cartwright', 'Nunc rhoncus dui vel sem. Sed sagittis. Nam congue, risus semper porta volutpat, quam pede lobortis ligula, sit amet eleifend pede libero quis orci. Nullam molestie nibh in lectus. Pellentesque at nulla. Suspendisse potenti. Cras in purus eu magna vulputate luctus.');
insert into post (post_id, board_id, title, content) values (66, 7, 'Bradtke, Heaney and Schinner', 'Vivamus in felis eu sapien cursus vestibulum. Proin eu mi. Nulla ac enim.');
insert into post (post_id, board_id, title, content) values (67, 7, 'Roberts Inc', 'Vivamus vel nulla eget eros elementum pellentesque. Quisque porta volutpat erat. Quisque erat eros, viverra eget, congue eget, semper rutrum, nulla.');
insert into post (post_id, board_id, title, content) values (68, 7, 'Rippin Group', 'Praesent lectus. Vestibulum quam sapien, varius ut, blandit non, interdum in, ante. Vestibulum ante ipsum primis in faucibus orci luctus et ultrices posuere cubilia Curae; Duis faucibus accumsan odio. Curabitur convallis.');
insert into post (post_id, board_id, title, content) values (69, 7, 'Schumm, Schulist and Schinner', 'Nullam sit amet turpis elementum ligula vehicula consequat. Morbi a ipsum. Integer a nibh. In quis justo. Maecenas rhoncus aliquam lacus. Morbi quis tortor id nulla ultrices aliquet. Maecenas leo odio, condimentum id, luctus nec, molestie sed, justo. Pellentesque viverra pede ac diam. Cras pellentesque volutpat dui.');
insert into post (post_id, board_id, title, content) values (70, 8, 'Bode, Roob and Braun', 'Morbi ut odio. Cras mi pede, malesuada in, imperdiet et, commodo vulputate, justo. In blandit ultrices enim. Lorem ipsum dolor sit amet, consectetuer adipiscing elit. Proin interdum mauris non ligula pellentesque ultrices. Phasellus id sapien in sapien iaculis congue. Vivamus metus arcu, adipiscing molestie, hendrerit at, vulputate vitae, nisl. Aenean lectus. Pellentesque eget nunc. Donec quis orci eget orci vehicula condimentum.');
insert into post (post_id, board_id, title, content) values (71, 8, 'Hirthe LLC', 'Vestibulum ante ipsum primis in faucibus orci luctus et ultrices posuere cubilia Curae; Donec pharetra, magna vestibulum aliquet ultrices, erat tortor sollicitudin mi, sit amet lobortis sapien sapien non mi. Integer ac neque. Duis bibendum. Morbi non quam nec dui luctus rutrum. Nulla tellus. In sagittis dui vel nisl. Duis ac nibh. Fusce lacus purus, aliquet at, feugiat non, pretium quis, lectus. Suspendisse potenti.');
insert into post (post_id, board_id, title, content) values (72, 8, 'Schamberger-Braun', 'Aliquam erat volutpat. In congue. Etiam justo. Etiam pretium iaculis justo. In hac habitasse platea dictumst. Etiam faucibus cursus urna. Ut tellus. Nulla ut erat id mauris vulputate elementum.');
insert into post (post_id, board_id, title, content) values (73, 8, 'Will Group', 'Morbi quis tortor id nulla ultrices aliquet. Maecenas leo odio, condimentum id, luctus nec, molestie sed, justo. Pellentesque viverra pede ac diam. Cras pellentesque volutpat dui. Maecenas tristique, est et tempus semper, est quam pharetra magna, ac consequat metus sapien ut nunc.');
insert into post (post_id, board_id, title, content) values (74, 8, 'Tromp, Brekke and Sanford', 'Sed accumsan felis. Ut at dolor quis odio consequat varius. Integer ac leo.');
insert into post (post_id, board_id, title, content) values (75, 8, 'Krajcik Group', 'Vivamus vestibulum sagittis sapien. Cum sociis natoque penatibus et magnis dis parturient montes, nascetur ridiculus mus. Etiam vel augue. Vestibulum rutrum rutrum neque. Aenean auctor gravida sem.');
insert into post (post_id, board_id, title, content) values (76, 8, 'Fay-Rowe', 'Duis consequat dui nec nisi volutpat eleifend.');
insert into post (post_id, board_id, title, content) values (77, 8, 'Marks-Borer', 'Integer a nibh. In quis justo. Maecenas rhoncus aliquam lacus. Morbi quis tortor id nulla ultrices aliquet.');
insert into post (post_id, board_id, title, content) values (78, 8, 'Robel-Gleason', 'Pellentesque ultrices mattis odio. Donec vitae nisi. Nam ultrices, libero non mattis pulvinar, nulla pede ullamcorper augue, a suscipit nulla elit ac nulla. Sed vel enim sit amet nunc viverra dapibus. Nulla suscipit ligula in lacus. Curabitur at ipsum ac tellus semper interdum. Mauris ullamcorper purus sit amet nulla. Quisque arcu libero, rutrum ac, lobortis vel, dapibus at, diam.');
insert into post (post_id, board_id, title, content) values (79, 8, 'Murray, Jast and Mills', 'Quisque porta volutpat erat. Quisque erat eros, viverra eget, congue eget, semper rutrum, nulla. Nunc purus. Phasellus in felis. Donec semper sapien a libero. Nam dui. Proin leo odio, porttitor id, consequat in, consequat ut, nulla. Sed accumsan felis. Ut at dolor quis odio consequat varius. Integer ac leo.');
insert into post (post_id, board_id, title, content) values (80, 9, 'Schinner, Hoeger and Schmeler', 'Vivamus metus arcu, adipiscing molestie, hendrerit at, vulputate vitae, nisl. Aenean lectus. Pellentesque eget nunc. Donec quis orci eget orci vehicula condimentum. Curabitur in libero ut massa volutpat convallis. Morbi odio odio, elementum eu, interdum eu, tincidunt in, leo. Maecenas pulvinar lobortis est. Phasellus sit amet erat. Nulla tempus. Vivamus in felis eu sapien cursus vestibulum.');
insert into post (post_id, board_id, title, content) values (81, 9, 'Sawayn, Schmitt and Stehr', 'Cras pellentesque volutpat dui. Maecenas tristique, est et tempus semper, est quam pharetra magna, ac consequat metus sapien ut nunc. Vestibulum ante ipsum primis in faucibus orci luctus et ultrices posuere cubilia Curae; Mauris viverra diam vitae quam. Suspendisse potenti. Nullam porttitor lacus at turpis. Donec posuere metus vitae ipsum.');
insert into post (post_id, board_id, title, content) values (82, 9, 'Willms, Hilll and Jones', 'Vestibulum ante ipsum primis in faucibus orci luctus et ultrices posuere cubilia Curae; Duis faucibus accumsan odio. Curabitur convallis. Duis consequat dui nec nisi volutpat eleifend. Donec ut dolor. Morbi vel lectus in quam fringilla rhoncus. Mauris enim leo, rhoncus sed, vestibulum sit amet, cursus id, turpis. Integer aliquet, massa id lobortis convallis, tortor risus dapibus augue, vel accumsan tellus nisi eu orci. Mauris lacinia sapien quis libero. Nullam sit amet turpis elementum ligula vehicula consequat.');
insert into post (post_id, board_id, title, content) values (83, 9, 'Powlowski and Sons', 'Vivamus vestibulum sagittis sapien.');
insert into post (post_id, board_id, title, content) values (84, 9, 'Kub-Hyatt', 'Donec semper sapien a libero. Nam dui.');
insert into post (post_id, board_id, title, content) values (85, 9, 'Hettinger Group', 'Nulla ac enim.');
insert into post (post_id, board_id, title, content) values (86, 9, 'Harris, Dickinson and Kerluke', 'Integer a nibh. In quis justo. Maecenas rhoncus aliquam lacus. Morbi quis tortor id nulla ultrices aliquet. Maecenas leo odio, condimentum id, luctus nec, molestie sed, justo.');
insert into post (post_id, board_id, title, content) values (87, 9, 'Koelpin, Runolfsdottir and Kilback', 'Duis bibendum, felis sed interdum venenatis, turpis enim blandit mi, in porttitor pede justo eu massa. Donec dapibus. Duis at velit eu est congue elementum. In hac habitasse platea dictumst.');
insert into post (post_id, board_id, title, content) values (88, 9, 'Pfeffer Inc', 'Vestibulum ante ipsum primis in faucibus orci luctus et ultrices posuere cubilia Curae; Nulla dapibus dolor vel est. Donec odio justo, sollicitudin ut, suscipit a, feugiat et, eros. Vestibulum ac est lacinia nisi venenatis tristique. Fusce congue, diam id ornare imperdiet, sapien urna pretium nisl, ut volutpat sapien arcu sed augue. Aliquam erat volutpat. In congue.');
insert into post (post_id, board_id, title, content) values (89, 9, 'Smitham, Bogisich and Cormier', 'In hac habitasse platea dictumst. Maecenas ut massa quis augue luctus tincidunt. Nulla mollis molestie lorem. Quisque ut erat.');
insert into post (post_id, board_id, title, content) values (90, 10, 'Ryan-Morissette', 'Morbi non lectus. Aliquam sit amet diam in magna bibendum imperdiet. Nullam orci pede, venenatis non, sodales sed, tincidunt eu, felis. Fusce posuere felis sed lacus. Morbi sem mauris, laoreet ut, rhoncus aliquet, pulvinar sed, nisl. Nunc rhoncus dui vel sem. Sed sagittis. Nam congue, risus semper porta volutpat, quam pede lobortis ligula, sit amet eleifend pede libero quis orci. Nullam molestie nibh in lectus.');
insert into post (post_id, board_id, title, content) values (91, 10, 'Hilll, Sanford and Lockman', 'Vivamus metus arcu, adipiscing molestie, hendrerit at, vulputate vitae, nisl. Aenean lectus. Pellentesque eget nunc. Donec quis orci eget orci vehicula condimentum. Curabitur in libero ut massa volutpat convallis. Morbi odio odio, elementum eu, interdum eu, tincidunt in, leo. Maecenas pulvinar lobortis est. Phasellus sit amet erat. Nulla tempus.');
insert into post (post_id, board_id, title, content) values (92, 10, 'Gutmann-Reichert', 'Praesent id massa id nisl venenatis lacinia. Aenean sit amet justo. Morbi ut odio. Cras mi pede, malesuada in, imperdiet et, commodo vulputate, justo.');
insert into post (post_id, board_id, title, content) values (93, 10, 'Hayes-McClure', 'Sed sagittis. Nam congue, risus semper porta volutpat, quam pede lobortis ligula, sit amet eleifend pede libero quis orci. Nullam molestie nibh in lectus. Pellentesque at nulla. Suspendisse potenti.');
insert into post (post_id, board_id, title, content) values (94, 10, 'Bernhard-Hirthe', 'Nulla ac enim. In tempor, turpis nec euismod scelerisque, quam turpis adipiscing lorem, vitae mattis nibh ligula nec sem. Duis aliquam convallis nunc. Proin at turpis a pede posuere nonummy. Integer non velit. Donec diam neque, vestibulum eget, vulputate ut, ultrices vel, augue. Vestibulum ante ipsum primis in faucibus orci luctus et ultrices posuere cubilia Curae; Donec pharetra, magna vestibulum aliquet ultrices, erat tortor sollicitudin mi, sit amet lobortis sapien sapien non mi.');
insert into post (post_id, board_id, title, content) values (95, 10, 'Stehr Inc', 'Nunc rhoncus dui vel sem. Sed sagittis. Nam congue, risus semper porta volutpat, quam pede lobortis ligula, sit amet eleifend pede libero quis orci. Nullam molestie nibh in lectus. Pellentesque at nulla. Suspendisse potenti. Cras in purus eu magna vulputate luctus. Cum sociis natoque penatibus et magnis dis parturient montes, nascetur ridiculus mus.');
insert into post (post_id, board_id, title, content) values (96, 10, 'Reichert and Sons', 'Vestibulum ante ipsum primis in faucibus orci luctus et ultrices posuere cubilia Curae; Duis faucibus accumsan odio. Curabitur convallis. Duis consequat dui nec nisi volutpat eleifend. Donec ut dolor. Morbi vel lectus in quam fringilla rhoncus. Mauris enim leo, rhoncus sed, vestibulum sit amet, cursus id, turpis. Integer aliquet, massa id lobortis convallis, tortor risus dapibus augue, vel accumsan tellus nisi eu orci. Mauris lacinia sapien quis libero. Nullam sit amet turpis elementum ligula vehicula consequat. Morbi a ipsum.');
insert into post (post_id, board_id, title, content) values (97, 10, 'Greenholt, Hackett and Steuber', 'Donec quis orci eget orci vehicula condimentum. Curabitur in libero ut massa volutpat convallis. Morbi odio odio, elementum eu, interdum eu, tincidunt in, leo. Maecenas pulvinar lobortis est. Phasellus sit amet erat. Nulla tempus. Vivamus in felis eu sapien cursus vestibulum.');
insert into post (post_id, board_id, title, content) values (98, 10, 'Lang, Wunsch and Pouros', 'Cras mi pede, malesuada in, imperdiet et, commodo vulputate, justo. In blandit ultrices enim. Lorem ipsum dolor sit amet, consectetuer adipiscing elit. Proin interdum mauris non ligula pellentesque ultrices. Phasellus id sapien in sapien iaculis congue. Vivamus metus arcu, adipiscing molestie, hendrerit at, vulputate vitae, nisl. Aenean lectus. Pellentesque eget nunc. Donec quis orci eget orci vehicula condimentum. Curabitur in libero ut massa volutpat convallis.');
insert into post (post_id, board_id, title, content) values (99, 10, 'Smith, Flatley and Legros', 'Integer tincidunt ante vel ipsum. Praesent blandit lacinia erat. Vestibulum sed magna at nunc commodo placerat. Praesent blandit. Nam nulla. Integer pede justo, lacinia eget, tincidunt eget, tempus vel, pede.');

insert into comment (comment_id, post_id, content) values (1, 1, 'Fusce congue, diam id ornare imperdiet, sapien urna pretium nisl, ut volutpat sapien arcu sed augue.');
insert into comment (comment_id, post_id, content) values (2, 1, 'Nam congue, risus semper porta volutpat, quam pede lobortis ligula, sit amet eleifend pede libero quis orci. Nullam molestie nibh in lectus.');
insert into comment (comment_id, post_id, content) values (3, 1, 'Suspendisse accumsan tortor quis turpis. Sed ante.');
insert into comment (comment_id, post_id, content) values (4, 1, 'Aliquam erat volutpat. In congue.');
insert into comment (comment_id, post_id, content) values (5, 1, 'Nullam orci pede, venenatis non, sodales sed, tincidunt eu, felis.');
insert into comment (comment_id, post_id, content) values (6, 1, 'Sed accumsan felis.');
insert into comment (comment_id, post_id, content) values (7, 1, 'Quisque arcu libero, rutrum ac, lobortis vel, dapibus at, diam.');
insert into comment (comment_id, post_id, content) values (8, 1, 'Cras mi pede, malesuada in, imperdiet et, commodo vulputate, justo.');
insert into comment (comment_id, post_id, content) values (9, 1, 'In hac habitasse platea dictumst. Morbi vestibulum, velit id pretium iaculis, diam erat fermentum justo, nec condimentum neque sapien placerat ante.');
insert into comment (comment_id, post_id, content) values (10, 2, 'Sed accumsan felis.');
insert into comment (comment_id, post_id, content) values (11, 2, 'Ut at dolor quis odio consequat varius.');
insert into comment (comment_id, post_id, content) values (12, 2, 'In blandit ultrices enim.');
insert into comment (comment_id, post_id, content) values (13, 2, 'Maecenas leo odio, condimentum id, luctus nec, molestie sed, justo.');
insert into comment (comment_id, post_id, content) values (14, 2, 'Curabitur gravida nisi at nibh. In hac habitasse platea dictumst.');
insert into comment (comment_id, post_id, content) values (15, 2, 'Maecenas rhoncus aliquam lacus. Morbi quis tortor id nulla ultrices aliquet.');
insert into comment (comment_id, post_id, content) values (16, 2, 'Nunc rhoncus dui vel sem.');
insert into comment (comment_id, post_id, content) values (17, 2, 'Nullam varius. Nulla facilisi.');
insert into comment (comment_id, post_id, content) values (18, 2, 'Suspendisse potenti.');
insert into comment (comment_id, post_id, content) values (19, 2, 'Morbi porttitor lorem id ligula.');
insert into comment (comment_id, post_id, content) values (20, 3, 'Lorem ipsum dolor sit amet, consectetuer adipiscing elit.');
insert into comment (comment_id, post_id, content) values (21, 3, 'Nulla justo. Aliquam quis turpis eget elit sodales scelerisque.');
insert into comment (comment_id, post_id, content) values (22, 3, 'In congue.');
insert into comment (comment_id, post_id, content) values (23, 3, 'Nullam orci pede, venenatis non, sodales sed, tincidunt eu, felis. Fusce posuere felis sed lacus.');
insert into comment (comment_id, post_id, content) values (24, 3, 'Morbi odio odio, elementum eu, interdum eu, tincidunt in, leo.');
insert into comment (comment_id, post_id, content) values (25, 3, 'Praesent lectus.');
insert into comment (comment_id, post_id, content) values (26, 3, 'Maecenas rhoncus aliquam lacus. Morbi quis tortor id nulla ultrices aliquet.');
insert into comment (comment_id, post_id, content) values (27, 3, 'Nam congue, risus semper porta volutpat, quam pede lobortis ligula, sit amet eleifend pede libero quis orci.');
insert into comment (comment_id, post_id, content) values (28, 3, 'Morbi porttitor lorem id ligula. Suspendisse ornare consequat lectus.');
insert into comment (comment_id, post_id, content) values (29, 3, 'Nulla tellus.');
insert into comment (comment_id, post_id, content) values (30, 4, 'Duis ac nibh.');
insert into comment (comment_id, post_id, content) values (31, 4, 'Donec dapibus.');
insert into comment (comment_id, post_id, content) values (32, 4, 'Duis bibendum, felis sed interdum venenatis, turpis enim blandit mi, in porttitor pede justo eu massa.');
insert into comment (comment_id, post_id, content) values (33, 4, 'Nam ultrices, libero non mattis pulvinar, nulla pede ullamcorper augue, a suscipit nulla elit ac nulla.');
insert into comment (comment_id, post_id, content) values (34, 4, 'Cum sociis natoque penatibus et magnis dis parturient montes, nascetur ridiculus mus.');
insert into comment (comment_id, post_id, content) values (35, 4, 'Nulla tempus.');
insert into comment (comment_id, post_id, content) values (36, 4, 'Nulla suscipit ligula in lacus.');
insert into comment (comment_id, post_id, content) values (37, 4, 'Praesent lectus. Vestibulum quam sapien, varius ut, blandit non, interdum in, ante.');
insert into comment (comment_id, post_id, content) values (38, 4, 'Aenean fermentum.');
insert into comment (comment_id, post_id, content) values (39, 4, 'Curabitur at ipsum ac tellus semper interdum.');
insert into comment (comment_id, post_id, content) values (40, 5, 'Nullam porttitor lacus at turpis. Donec posuere metus vitae ipsum.');
insert into comment (comment_id, post_id, content) values (41, 5, 'Vestibulum ac est lacinia nisi venenatis tristique. Fusce congue, diam id ornare imperdiet, sapien urna pretium nisl, ut volutpat sapien arcu sed augue.');
insert into comment (comment_id, post_id, content) values (42, 5, 'In blandit ultrices enim.');
insert into comment (comment_id, post_id, content) values (43, 5, 'In est risus, auctor sed, tristique in, tempus sit amet, sem.');
insert into comment (comment_id, post_id, content) values (44, 5, 'Nam tristique tortor eu pede.');
insert into comment (comment_id, post_id, content) values (45, 5, 'Duis at velit eu est congue elementum.');
insert into comment (comment_id, post_id, content) values (46, 5, 'Nam ultrices, libero non mattis pulvinar, nulla pede ullamcorper augue, a suscipit nulla elit ac nulla. Sed vel enim sit amet nunc viverra dapibus.');
insert into comment (comment_id, post_id, content) values (47, 5, 'Proin at turpis a pede posuere nonummy.');
insert into comment (comment_id, post_id, content) values (48, 5, 'Nam tristique tortor eu pede.');
insert into comment (comment_id, post_id, content) values (49, 5, 'Donec diam neque, vestibulum eget, vulputate ut, ultrices vel, augue.');
insert into comment (comment_id, post_id, content) values (50, 6, 'Pellentesque ultrices mattis odio.');
insert into comment (comment_id, post_id, content) values (51, 6, 'Donec dapibus.');
insert into comment (comment_id, post_id, content) values (52, 6, 'In hac habitasse platea dictumst.');
insert into comment (comment_id, post_id, content) values (53, 6, 'Morbi a ipsum. Integer a nibh.');
insert into comment (comment_id, post_id, content) values (54, 6, 'Nulla ac enim.');
insert into comment (comment_id, post_id, content) values (55, 6, 'Maecenas pulvinar lobortis est. Phasellus sit amet erat.');
insert into comment (comment_id, post_id, content) values (56, 6, 'Vestibulum ac est lacinia nisi venenatis tristique.');
insert into comment (comment_id, post_id, content) values (57, 6, 'Integer ac neque. Duis bibendum.');
insert into comment (comment_id, post_id, content) values (58, 6, 'Morbi non lectus. Aliquam sit amet diam in magna bibendum imperdiet.');
insert into comment (comment_id, post_id, content) values (59, 6, 'Nulla mollis molestie lorem.');
insert into comment (comment_id, post_id, content) values (60, 7, 'Lorem ipsum dolor sit amet, consectetuer adipiscing elit. Proin interdum mauris non ligula pellentesque ultrices.');
insert into comment (comment_id, post_id, content) values (61, 7, 'Aenean fermentum.');
insert into comment (comment_id, post_id, content) values (62, 7, 'Nulla neque libero, convallis eget, eleifend luctus, ultricies eu, nibh. Quisque id justo sit amet sapien dignissim vestibulum.');
insert into comment (comment_id, post_id, content) values (63, 7, 'In est risus, auctor sed, tristique in, tempus sit amet, sem.');
insert into comment (comment_id, post_id, content) values (64, 7, 'Praesent blandit. Nam nulla.');
insert into comment (comment_id, post_id, content) values (65, 7, 'Fusce posuere felis sed lacus.');
insert into comment (comment_id, post_id, content) values (66, 7, 'Mauris enim leo, rhoncus sed, vestibulum sit amet, cursus id, turpis. Integer aliquet, massa id lobortis convallis, tortor risus dapibus augue, vel accumsan tellus nisi eu orci.');
insert into comment (comment_id, post_id, content) values (67, 7, 'Sed sagittis.');
insert into comment (comment_id, post_id, content) values (68, 7, 'Nullam sit amet turpis elementum ligula vehicula consequat. Morbi a ipsum.');
insert into comment (comment_id, post_id, content) values (69, 7, 'Vestibulum ante ipsum primis in faucibus orci luctus et ultrices posuere cubilia Curae; Mauris viverra diam vitae quam. Suspendisse potenti.');
insert into comment (comment_id, post_id, content) values (70, 8, 'Etiam pretium iaculis justo. In hac habitasse platea dictumst.');
insert into comment (comment_id, post_id, content) values (71, 8, 'Quisque porta volutpat erat.');
insert into comment (comment_id, post_id, content) values (72, 8, 'Pellentesque viverra pede ac diam.');
insert into comment (comment_id, post_id, content) values (73, 8, 'In hac habitasse platea dictumst. Aliquam augue quam, sollicitudin vitae, consectetuer eget, rutrum at, lorem.');
insert into comment (comment_id, post_id, content) values (74, 8, 'Aliquam non mauris. Morbi non lectus.');
insert into comment (comment_id, post_id, content) values (75, 8, 'Nam dui.');
insert into comment (comment_id, post_id, content) values (76, 8, 'Proin at turpis a pede posuere nonummy.');
insert into comment (comment_id, post_id, content) values (77, 8, 'In quis justo.');
insert into comment (comment_id, post_id, content) values (78, 8, 'Aliquam sit amet diam in magna bibendum imperdiet. Nullam orci pede, venenatis non, sodales sed, tincidunt eu, felis.');
insert into comment (comment_id, post_id, content) values (79, 8, 'Morbi ut odio. Cras mi pede, malesuada in, imperdiet et, commodo vulputate, justo.');
insert into comment (comment_id, post_id, content) values (80, 9, 'Curabitur gravida nisi at nibh. In hac habitasse platea dictumst.');
insert into comment (comment_id, post_id, content) values (81, 9, 'Proin interdum mauris non ligula pellentesque ultrices. Phasellus id sapien in sapien iaculis congue.');
insert into comment (comment_id, post_id, content) values (82, 9, 'Donec diam neque, vestibulum eget, vulputate ut, ultrices vel, augue. Vestibulum ante ipsum primis in faucibus orci luctus et ultrices posuere cubilia Curae; Donec pharetra, magna vestibulum aliquet ultrices, erat tortor sollicitudin mi, sit amet lobortis sapien sapien non mi.');
insert into comment (comment_id, post_id, content) values (83, 9, 'Suspendisse potenti. Nullam porttitor lacus at turpis.');
insert into comment (comment_id, post_id, content) values (84, 9, 'Suspendisse potenti.');
insert into comment (comment_id, post_id, content) values (85, 9, 'Morbi vestibulum, velit id pretium iaculis, diam erat fermentum justo, nec condimentum neque sapien placerat ante. Nulla justo.');
insert into comment (comment_id, post_id, content) values (86, 9, 'Vestibulum ante ipsum primis in faucibus orci luctus et ultrices posuere cubilia Curae; Nulla dapibus dolor vel est. Donec odio justo, sollicitudin ut, suscipit a, feugiat et, eros.');
insert into comment (comment_id, post_id, content) values (87, 9, 'Quisque id justo sit amet sapien dignissim vestibulum. Vestibulum ante ipsum primis in faucibus orci luctus et ultrices posuere cubilia Curae; Nulla dapibus dolor vel est.');
insert into comment (comment_id, post_id, content) values (88, 9, 'Maecenas tincidunt lacus at velit. Vivamus vel nulla eget eros elementum pellentesque.');
insert into comment (comment_id, post_id, content) values (89, 9, 'Quisque id justo sit amet sapien dignissim vestibulum. Vestibulum ante ipsum primis in faucibus orci luctus et ultrices posuere cubilia Curae; Nulla dapibus dolor vel est.');
insert into comment (comment_id, post_id, content) values (90, 10, 'Quisque porta volutpat erat. Quisque erat eros, viverra eget, congue eget, semper rutrum, nulla.');
insert into comment (comment_id, post_id, content) values (91, 10, 'Etiam vel augue.');
insert into comment (comment_id, post_id, content) values (92, 10, 'Ut at dolor quis odio consequat varius.');
insert into comment (comment_id, post_id, content) values (93, 10, 'Mauris ullamcorper purus sit amet nulla.');
insert into comment (comment_id, post_id, content) values (94, 10, 'Nullam porttitor lacus at turpis.');
insert into comment (comment_id, post_id, content) values (95, 10, 'Curabitur at ipsum ac tellus semper interdum. Mauris ullamcorper purus sit amet nulla.');
insert into comment (comment_id, post_id, content) values (96, 10, 'Praesent id massa id nisl venenatis lacinia.');
insert into comment (comment_id, post_id, content) values (97, 10, 'Praesent blandit.');
insert into comment (comment_id, post_id, content) values (98, 10, 'Donec dapibus. Duis at velit eu est congue elementum.');
insert into comment (comment_id, post_id, content) values (99, 10, 'Suspendisse potenti. In eleifend quam a odio.');
insert into comment (comment_id, post_id, content) values (100, 11, 'Proin risus.');
insert into comment (comment_id, post_id, content) values (101, 11, 'Phasellus in felis. Donec semper sapien a libero.');
insert into comment (comment_id, post_id, content) values (102, 11, 'Integer non velit. Donec diam neque, vestibulum eget, vulputate ut, ultrices vel, augue.');
insert into comment (comment_id, post_id, content) values (103, 11, 'Quisque ut erat. Curabitur gravida nisi at nibh.');
insert into comment (comment_id, post_id, content) values (104, 11, 'Nunc purus.');
insert into comment (comment_id, post_id, content) values (105, 11, 'Integer ac neque.');
insert into comment (comment_id, post_id, content) values (106, 11, 'Aenean auctor gravida sem.');
insert into comment (comment_id, post_id, content) values (107, 11, 'Aliquam erat volutpat. In congue.');
insert into comment (comment_id, post_id, content) values (108, 11, 'Phasellus in felis. Donec semper sapien a libero.');
insert into comment (comment_id, post_id, content) values (109, 11, 'Pellentesque at nulla.');
insert into comment (comment_id, post_id, content) values (110, 12, 'Aenean lectus. Pellentesque eget nunc.');
insert into comment (comment_id, post_id, content) values (111, 12, 'Morbi odio odio, elementum eu, interdum eu, tincidunt in, leo. Maecenas pulvinar lobortis est.');
insert into comment (comment_id, post_id, content) values (112, 12, 'Morbi non lectus.');
insert into comment (comment_id, post_id, content) values (113, 12, 'Etiam vel augue. Vestibulum rutrum rutrum neque.');
insert into comment (comment_id, post_id, content) values (114, 12, 'Nullam porttitor lacus at turpis.');
insert into comment (comment_id, post_id, content) values (115, 12, 'Mauris sit amet eros.');
insert into comment (comment_id, post_id, content) values (116, 12, 'Aliquam quis turpis eget elit sodales scelerisque. Mauris sit amet eros.');
insert into comment (comment_id, post_id, content) values (117, 12, 'Phasellus id sapien in sapien iaculis congue.');
insert into comment (comment_id, post_id, content) values (118, 12, 'Nam tristique tortor eu pede.');
insert into comment (comment_id, post_id, content) values (119, 12, 'Nulla ac enim.');
insert into comment (comment_id, post_id, content) values (120, 13, 'Vestibulum quam sapien, varius ut, blandit non, interdum in, ante. Vestibulum ante ipsum primis in faucibus orci luctus et ultrices posuere cubilia Curae; Duis faucibus accumsan odio.');
insert into comment (comment_id, post_id, content) values (121, 13, 'Proin leo odio, porttitor id, consequat in, consequat ut, nulla.');
insert into comment (comment_id, post_id, content) values (122, 13, 'Quisque ut erat. Curabitur gravida nisi at nibh.');
insert into comment (comment_id, post_id, content) values (123, 13, 'In est risus, auctor sed, tristique in, tempus sit amet, sem. Fusce consequat.');
insert into comment (comment_id, post_id, content) values (124, 13, 'Pellentesque viverra pede ac diam. Cras pellentesque volutpat dui.');
insert into comment (comment_id, post_id, content) values (125, 13, 'Pellentesque ultrices mattis odio.');
insert into comment (comment_id, post_id, content) values (126, 13, 'Cras non velit nec nisi vulputate nonummy. Maecenas tincidunt lacus at velit.');
insert into comment (comment_id, post_id, content) values (127, 13, 'Donec odio justo, sollicitudin ut, suscipit a, feugiat et, eros. Vestibulum ac est lacinia nisi venenatis tristique.');
insert into comment (comment_id, post_id, content) values (128, 13, 'Vivamus vestibulum sagittis sapien. Cum sociis natoque penatibus et magnis dis parturient montes, nascetur ridiculus mus.');
insert into comment (comment_id, post_id, content) values (129, 13, 'Nulla suscipit ligula in lacus. Curabitur at ipsum ac tellus semper interdum.');
insert into comment (comment_id, post_id, content) values (130, 14, 'Cum sociis natoque penatibus et magnis dis parturient montes, nascetur ridiculus mus.');
insert into comment (comment_id, post_id, content) values (131, 14, 'Nulla suscipit ligula in lacus. Curabitur at ipsum ac tellus semper interdum.');
insert into comment (comment_id, post_id, content) values (132, 14, 'Morbi non quam nec dui luctus rutrum. Nulla tellus.');
insert into comment (comment_id, post_id, content) values (133, 14, 'Nam ultrices, libero non mattis pulvinar, nulla pede ullamcorper augue, a suscipit nulla elit ac nulla. Sed vel enim sit amet nunc viverra dapibus.');
insert into comment (comment_id, post_id, content) values (134, 14, 'Proin risus.');
insert into comment (comment_id, post_id, content) values (135, 14, 'Morbi ut odio. Cras mi pede, malesuada in, imperdiet et, commodo vulputate, justo.');
insert into comment (comment_id, post_id, content) values (136, 14, 'Lorem ipsum dolor sit amet, consectetuer adipiscing elit. Proin risus.');
insert into comment (comment_id, post_id, content) values (137, 14, 'Curabitur gravida nisi at nibh. In hac habitasse platea dictumst.');
insert into comment (comment_id, post_id, content) values (138, 14, 'Nam tristique tortor eu pede.');
insert into comment (comment_id, post_id, content) values (139, 14, 'Mauris ullamcorper purus sit amet nulla.');
insert into comment (comment_id, post_id, content) values (140, 15, 'In hac habitasse platea dictumst.');
insert into comment (comment_id, post_id, content) values (141, 15, 'In eleifend quam a odio.');
insert into comment (comment_id, post_id, content) values (142, 15, 'Cras non velit nec nisi vulputate nonummy.');
insert into comment (comment_id, post_id, content) values (143, 15, 'Morbi vestibulum, velit id pretium iaculis, diam erat fermentum justo, nec condimentum neque sapien placerat ante. Nulla justo.');
insert into comment (comment_id, post_id, content) values (144, 15, 'Aliquam quis turpis eget elit sodales scelerisque. Mauris sit amet eros.');
insert into comment (comment_id, post_id, content) values (145, 15, 'Proin interdum mauris non ligula pellentesque ultrices. Phasellus id sapien in sapien iaculis congue.');
insert into comment (comment_id, post_id, content) values (146, 15, 'Vestibulum ante ipsum primis in faucibus orci luctus et ultrices posuere cubilia Curae; Donec pharetra, magna vestibulum aliquet ultrices, erat tortor sollicitudin mi, sit amet lobortis sapien sapien non mi.');
insert into comment (comment_id, post_id, content) values (147, 15, 'Praesent lectus.');
insert into comment (comment_id, post_id, content) values (148, 15, 'In hac habitasse platea dictumst. Etiam faucibus cursus urna.');
insert into comment (comment_id, post_id, content) values (149, 15, 'Ut at dolor quis odio consequat varius. Integer ac leo.');
insert into comment (comment_id, post_id, content) values (150, 16, 'Integer aliquet, massa id lobortis convallis, tortor risus dapibus augue, vel accumsan tellus nisi eu orci. Mauris lacinia sapien quis libero.');
insert into comment (comment_id, post_id, content) values (151, 16, 'Morbi vel lectus in quam fringilla rhoncus.');
insert into comment (comment_id, post_id, content) values (152, 16, 'Nullam porttitor lacus at turpis.');
insert into comment (comment_id, post_id, content) values (153, 16, 'Morbi ut odio.');
insert into comment (comment_id, post_id, content) values (154, 16, 'Quisque erat eros, viverra eget, congue eget, semper rutrum, nulla. Nunc purus.');
insert into comment (comment_id, post_id, content) values (155, 16, 'In hac habitasse platea dictumst. Etiam faucibus cursus urna.');
insert into comment (comment_id, post_id, content) values (156, 16, 'Duis mattis egestas metus. Aenean fermentum.');
insert into comment (comment_id, post_id, content) values (157, 16, 'Nam nulla.');
insert into comment (comment_id, post_id, content) values (158, 16, 'Morbi non quam nec dui luctus rutrum.');
insert into comment (comment_id, post_id, content) values (159, 16, 'Vivamus vestibulum sagittis sapien.');
insert into comment (comment_id, post_id, content) values (160, 17, 'Nam ultrices, libero non mattis pulvinar, nulla pede ullamcorper augue, a suscipit nulla elit ac nulla.');
insert into comment (comment_id, post_id, content) values (161, 17, 'Suspendisse accumsan tortor quis turpis.');
insert into comment (comment_id, post_id, content) values (162, 17, 'Etiam justo. Etiam pretium iaculis justo.');
insert into comment (comment_id, post_id, content) values (163, 17, 'Donec vitae nisi. Nam ultrices, libero non mattis pulvinar, nulla pede ullamcorper augue, a suscipit nulla elit ac nulla.');
insert into comment (comment_id, post_id, content) values (164, 17, 'Vivamus tortor. Duis mattis egestas metus.');
insert into comment (comment_id, post_id, content) values (165, 17, 'Quisque porta volutpat erat. Quisque erat eros, viverra eget, congue eget, semper rutrum, nulla.');
insert into comment (comment_id, post_id, content) values (166, 17, 'Suspendisse potenti.');
insert into comment (comment_id, post_id, content) values (167, 17, 'Nulla facilisi. Cras non velit nec nisi vulputate nonummy.');
insert into comment (comment_id, post_id, content) values (168, 17, 'Nulla neque libero, convallis eget, eleifend luctus, ultricies eu, nibh. Quisque id justo sit amet sapien dignissim vestibulum.');
insert into comment (comment_id, post_id, content) values (169, 17, 'Vestibulum ante ipsum primis in faucibus orci luctus et ultrices posuere cubilia Curae; Duis faucibus accumsan odio.');
insert into comment (comment_id, post_id, content) values (170, 18, 'Etiam pretium iaculis justo.');
insert into comment (comment_id, post_id, content) values (171, 18, 'Quisque porta volutpat erat. Quisque erat eros, viverra eget, congue eget, semper rutrum, nulla.');
insert into comment (comment_id, post_id, content) values (172, 18, 'Nam ultrices, libero non mattis pulvinar, nulla pede ullamcorper augue, a suscipit nulla elit ac nulla. Sed vel enim sit amet nunc viverra dapibus.');
insert into comment (comment_id, post_id, content) values (173, 18, 'Mauris ullamcorper purus sit amet nulla.');
insert into comment (comment_id, post_id, content) values (174, 18, 'Fusce congue, diam id ornare imperdiet, sapien urna pretium nisl, ut volutpat sapien arcu sed augue. Aliquam erat volutpat.');
insert into comment (comment_id, post_id, content) values (175, 18, 'Aliquam erat volutpat.');
insert into comment (comment_id, post_id, content) values (176, 18, 'Integer aliquet, massa id lobortis convallis, tortor risus dapibus augue, vel accumsan tellus nisi eu orci. Mauris lacinia sapien quis libero.');
insert into comment (comment_id, post_id, content) values (177, 18, 'In congue.');
insert into comment (comment_id, post_id, content) values (178, 18, 'Vestibulum quam sapien, varius ut, blandit non, interdum in, ante.');
insert into comment (comment_id, post_id, content) values (179, 18, 'Morbi non lectus.');
insert into comment (comment_id, post_id, content) values (180, 19, 'Aliquam sit amet diam in magna bibendum imperdiet.');
insert into comment (comment_id, post_id, content) values (181, 19, 'Sed vel enim sit amet nunc viverra dapibus. Nulla suscipit ligula in lacus.');
insert into comment (comment_id, post_id, content) values (182, 19, 'Pellentesque viverra pede ac diam.');
insert into comment (comment_id, post_id, content) values (183, 19, 'Suspendisse potenti.');
insert into comment (comment_id, post_id, content) values (184, 19, 'Aenean auctor gravida sem.');
insert into comment (comment_id, post_id, content) values (185, 19, 'Morbi vel lectus in quam fringilla rhoncus. Mauris enim leo, rhoncus sed, vestibulum sit amet, cursus id, turpis.');
insert into comment (comment_id, post_id, content) values (186, 19, 'Nulla facilisi.');
insert into comment (comment_id, post_id, content) values (187, 19, 'Maecenas ut massa quis augue luctus tincidunt. Nulla mollis molestie lorem.');
insert into comment (comment_id, post_id, content) values (188, 19, 'Praesent lectus. Vestibulum quam sapien, varius ut, blandit non, interdum in, ante.');
insert into comment (comment_id, post_id, content) values (189, 19, 'Etiam faucibus cursus urna.');
insert into comment (comment_id, post_id, content) values (190, 20, 'Nulla ac enim.');
insert into comment (comment_id, post_id, content) values (191, 20, 'Duis bibendum.');
insert into comment (comment_id, post_id, content) values (192, 20, 'Etiam justo.');
insert into comment (comment_id, post_id, content) values (193, 20, 'Cras mi pede, malesuada in, imperdiet et, commodo vulputate, justo.');
insert into comment (comment_id, post_id, content) values (194, 20, 'Donec odio justo, sollicitudin ut, suscipit a, feugiat et, eros.');
insert into comment (comment_id, post_id, content) values (195, 20, 'Sed ante.');
insert into comment (comment_id, post_id, content) values (196, 20, 'Donec ut mauris eget massa tempor convallis. Nulla neque libero, convallis eget, eleifend luctus, ultricies eu, nibh.');
insert into comment (comment_id, post_id, content) values (197, 20, 'Suspendisse potenti. In eleifend quam a odio.');
insert into comment (comment_id, post_id, content) values (198, 20, 'Maecenas rhoncus aliquam lacus.');
insert into comment (comment_id, post_id, content) values (199, 20, 'In congue.');
insert into comment (comment_id, post_id, content) values (200, 21, 'Nulla justo. Aliquam quis turpis eget elit sodales scelerisque.');
insert into comment (comment_id, post_id, content) values (201, 21, 'In blandit ultrices enim. Lorem ipsum dolor sit amet, consectetuer adipiscing elit.');
insert into comment (comment_id, post_id, content) values (202, 21, 'Cras in purus eu magna vulputate luctus.');
insert into comment (comment_id, post_id, content) values (203, 21, 'In hac habitasse platea dictumst.');
insert into comment (comment_id, post_id, content) values (204, 21, 'Suspendisse potenti. Cras in purus eu magna vulputate luctus.');
insert into comment (comment_id, post_id, content) values (205, 21, 'Cras mi pede, malesuada in, imperdiet et, commodo vulputate, justo.');
insert into comment (comment_id, post_id, content) values (206, 21, 'Fusce lacus purus, aliquet at, feugiat non, pretium quis, lectus. Suspendisse potenti.');
insert into comment (comment_id, post_id, content) values (207, 21, 'Curabitur convallis. Duis consequat dui nec nisi volutpat eleifend.');
insert into comment (comment_id, post_id, content) values (208, 21, 'Proin at turpis a pede posuere nonummy.');
insert into comment (comment_id, post_id, content) values (209, 21, 'Integer aliquet, massa id lobortis convallis, tortor risus dapibus augue, vel accumsan tellus nisi eu orci.');
insert into comment (comment_id, post_id, content) values (210, 22, 'In eleifend quam a odio.');
insert into comment (comment_id, post_id, content) values (211, 22, 'Quisque ut erat. Curabitur gravida nisi at nibh.');
insert into comment (comment_id, post_id, content) values (212, 22, 'Donec diam neque, vestibulum eget, vulputate ut, ultrices vel, augue. Vestibulum ante ipsum primis in faucibus orci luctus et ultrices posuere cubilia Curae; Donec pharetra, magna vestibulum aliquet ultrices, erat tortor sollicitudin mi, sit amet lobortis sapien sapien non mi.');
insert into comment (comment_id, post_id, content) values (213, 22, 'Nullam orci pede, venenatis non, sodales sed, tincidunt eu, felis.');
insert into comment (comment_id, post_id, content) values (214, 22, 'Donec ut dolor.');
insert into comment (comment_id, post_id, content) values (215, 22, 'Etiam faucibus cursus urna.');
insert into comment (comment_id, post_id, content) values (216, 22, 'Donec ut dolor.');
insert into comment (comment_id, post_id, content) values (217, 22, 'Proin leo odio, porttitor id, consequat in, consequat ut, nulla. Sed accumsan felis.');
insert into comment (comment_id, post_id, content) values (218, 22, 'Aenean auctor gravida sem.');
insert into comment (comment_id, post_id, content) values (219, 22, 'Suspendisse potenti.');
insert into comment (comment_id, post_id, content) values (220, 23, 'Pellentesque viverra pede ac diam.');
insert into comment (comment_id, post_id, content) values (221, 23, 'Duis bibendum. Morbi non quam nec dui luctus rutrum.');
insert into comment (comment_id, post_id, content) values (222, 23, 'Nulla tempus. Vivamus in felis eu sapien cursus vestibulum.');
insert into comment (comment_id, post_id, content) values (223, 23, 'Proin at turpis a pede posuere nonummy.');
insert into comment (comment_id, post_id, content) values (224, 23, 'Nullam sit amet turpis elementum ligula vehicula consequat.');
insert into comment (comment_id, post_id, content) values (225, 23, 'In hac habitasse platea dictumst. Etiam faucibus cursus urna.');
insert into comment (comment_id, post_id, content) values (226, 23, 'Nunc nisl.');
insert into comment (comment_id, post_id, content) values (227, 23, 'Mauris sit amet eros.');
insert into comment (comment_id, post_id, content) values (228, 23, 'Sed vel enim sit amet nunc viverra dapibus. Nulla suscipit ligula in lacus.');
insert into comment (comment_id, post_id, content) values (229, 23, 'Fusce congue, diam id ornare imperdiet, sapien urna pretium nisl, ut volutpat sapien arcu sed augue.');
insert into comment (comment_id, post_id, content) values (230, 24, 'Praesent blandit lacinia erat. Vestibulum sed magna at nunc commodo placerat.');
insert into comment (comment_id, post_id, content) values (231, 24, 'Nam congue, risus semper porta volutpat, quam pede lobortis ligula, sit amet eleifend pede libero quis orci.');
insert into comment (comment_id, post_id, content) values (232, 24, 'Morbi sem mauris, laoreet ut, rhoncus aliquet, pulvinar sed, nisl.');
insert into comment (comment_id, post_id, content) values (233, 24, 'Nam dui. Proin leo odio, porttitor id, consequat in, consequat ut, nulla.');
insert into comment (comment_id, post_id, content) values (234, 24, 'Morbi ut odio.');
insert into comment (comment_id, post_id, content) values (235, 24, 'Phasellus sit amet erat. Nulla tempus.');
insert into comment (comment_id, post_id, content) values (236, 24, 'Etiam justo. Etiam pretium iaculis justo.');
insert into comment (comment_id, post_id, content) values (237, 24, 'Integer a nibh.');
insert into comment (comment_id, post_id, content) values (238, 24, 'Duis consequat dui nec nisi volutpat eleifend. Donec ut dolor.');
insert into comment (comment_id, post_id, content) values (239, 24, 'Quisque porta volutpat erat.');
insert into comment (comment_id, post_id, content) values (240, 25, 'Morbi a ipsum. Integer a nibh.');
insert into comment (comment_id, post_id, content) values (241, 25, 'Fusce lacus purus, aliquet at, feugiat non, pretium quis, lectus. Suspendisse potenti.');
insert into comment (comment_id, post_id, content) values (242, 25, 'Nullam varius.');
insert into comment (comment_id, post_id, content) values (243, 25, 'Maecenas ut massa quis augue luctus tincidunt. Nulla mollis molestie lorem.');
insert into comment (comment_id, post_id, content) values (244, 25, 'Morbi vel lectus in quam fringilla rhoncus.');
insert into comment (comment_id, post_id, content) values (245, 25, 'Duis at velit eu est congue elementum.');
insert into comment (comment_id, post_id, content) values (246, 25, 'In hac habitasse platea dictumst. Morbi vestibulum, velit id pretium iaculis, diam erat fermentum justo, nec condimentum neque sapien placerat ante.');
insert into comment (comment_id, post_id, content) values (247, 25, 'Mauris sit amet eros. Suspendisse accumsan tortor quis turpis.');
insert into comment (comment_id, post_id, content) values (248, 25, 'Nunc rhoncus dui vel sem. Sed sagittis.');
insert into comment (comment_id, post_id, content) values (249, 25, 'Aliquam augue quam, sollicitudin vitae, consectetuer eget, rutrum at, lorem.');
insert into comment (comment_id, post_id, content) values (250, 26, 'Nunc purus. Phasellus in felis.');
insert into comment (comment_id, post_id, content) values (251, 26, 'Vivamus metus arcu, adipiscing molestie, hendrerit at, vulputate vitae, nisl. Aenean lectus.');
insert into comment (comment_id, post_id, content) values (252, 26, 'Duis bibendum. Morbi non quam nec dui luctus rutrum.');
insert into comment (comment_id, post_id, content) values (253, 26, 'In est risus, auctor sed, tristique in, tempus sit amet, sem.');
insert into comment (comment_id, post_id, content) values (254, 26, 'Praesent blandit.');
insert into comment (comment_id, post_id, content) values (255, 26, 'Nulla ut erat id mauris vulputate elementum.');
insert into comment (comment_id, post_id, content) values (256, 26, 'Nam dui.');
insert into comment (comment_id, post_id, content) values (257, 26, 'Praesent blandit lacinia erat.');
insert into comment (comment_id, post_id, content) values (258, 26, 'Praesent lectus. Vestibulum quam sapien, varius ut, blandit non, interdum in, ante.');
insert into comment (comment_id, post_id, content) values (259, 26, 'Donec diam neque, vestibulum eget, vulputate ut, ultrices vel, augue. Vestibulum ante ipsum primis in faucibus orci luctus et ultrices posuere cubilia Curae; Donec pharetra, magna vestibulum aliquet ultrices, erat tortor sollicitudin mi, sit amet lobortis sapien sapien non mi.');
insert into comment (comment_id, post_id, content) values (260, 27, 'Quisque erat eros, viverra eget, congue eget, semper rutrum, nulla. Nunc purus.');
insert into comment (comment_id, post_id, content) values (261, 27, 'Quisque arcu libero, rutrum ac, lobortis vel, dapibus at, diam.');
insert into comment (comment_id, post_id, content) values (262, 27, 'Nulla ut erat id mauris vulputate elementum. Nullam varius.');
insert into comment (comment_id, post_id, content) values (263, 27, 'Mauris lacinia sapien quis libero.');
insert into comment (comment_id, post_id, content) values (264, 27, 'Vivamus metus arcu, adipiscing molestie, hendrerit at, vulputate vitae, nisl.');
insert into comment (comment_id, post_id, content) values (265, 27, 'In hac habitasse platea dictumst.');
insert into comment (comment_id, post_id, content) values (266, 27, 'Curabitur in libero ut massa volutpat convallis. Morbi odio odio, elementum eu, interdum eu, tincidunt in, leo.');
insert into comment (comment_id, post_id, content) values (267, 27, 'Nullam porttitor lacus at turpis.');
insert into comment (comment_id, post_id, content) values (268, 27, 'Vivamus tortor. Duis mattis egestas metus.');
insert into comment (comment_id, post_id, content) values (269, 27, 'Cum sociis natoque penatibus et magnis dis parturient montes, nascetur ridiculus mus.');
insert into comment (comment_id, post_id, content) values (270, 28, 'Donec posuere metus vitae ipsum. Aliquam non mauris.');
insert into comment (comment_id, post_id, content) values (271, 28, 'Curabitur in libero ut massa volutpat convallis. Morbi odio odio, elementum eu, interdum eu, tincidunt in, leo.');
insert into comment (comment_id, post_id, content) values (272, 28, 'Maecenas rhoncus aliquam lacus. Morbi quis tortor id nulla ultrices aliquet.');
insert into comment (comment_id, post_id, content) values (273, 28, 'Fusce posuere felis sed lacus. Morbi sem mauris, laoreet ut, rhoncus aliquet, pulvinar sed, nisl.');
insert into comment (comment_id, post_id, content) values (274, 28, 'Nulla nisl.');
insert into comment (comment_id, post_id, content) values (275, 28, 'Donec quis orci eget orci vehicula condimentum.');
insert into comment (comment_id, post_id, content) values (276, 28, 'Donec vitae nisi.');
insert into comment (comment_id, post_id, content) values (277, 28, 'Aliquam non mauris.');
insert into comment (comment_id, post_id, content) values (278, 28, 'Phasellus in felis.');
insert into comment (comment_id, post_id, content) values (279, 28, 'Nam tristique tortor eu pede.');
insert into comment (comment_id, post_id, content) values (280, 29, 'Suspendisse accumsan tortor quis turpis. Sed ante.');
insert into comment (comment_id, post_id, content) values (281, 29, 'Nulla justo. Aliquam quis turpis eget elit sodales scelerisque.');
insert into comment (comment_id, post_id, content) values (282, 29, 'Curabitur convallis. Duis consequat dui nec nisi volutpat eleifend.');
insert into comment (comment_id, post_id, content) values (283, 29, 'Nulla neque libero, convallis eget, eleifend luctus, ultricies eu, nibh.');
insert into comment (comment_id, post_id, content) values (284, 29, 'Nulla suscipit ligula in lacus.');
insert into comment (comment_id, post_id, content) values (285, 29, 'In est risus, auctor sed, tristique in, tempus sit amet, sem.');
insert into comment (comment_id, post_id, content) values (286, 29, 'In hac habitasse platea dictumst. Aliquam augue quam, sollicitudin vitae, consectetuer eget, rutrum at, lorem.');
insert into comment (comment_id, post_id, content) values (287, 29, 'Etiam faucibus cursus urna. Ut tellus.');
insert into comment (comment_id, post_id, content) values (288, 29, 'Aliquam quis turpis eget elit sodales scelerisque. Mauris sit amet eros.');
insert into comment (comment_id, post_id, content) values (289, 29, 'Suspendisse accumsan tortor quis turpis. Sed ante.');
insert into comment (comment_id, post_id, content) values (290, 30, 'Duis at velit eu est congue elementum. In hac habitasse platea dictumst.');
insert into comment (comment_id, post_id, content) values (291, 30, 'Curabitur at ipsum ac tellus semper interdum. Mauris ullamcorper purus sit amet nulla.');
insert into comment (comment_id, post_id, content) values (292, 30, 'In congue.');
insert into comment (comment_id, post_id, content) values (293, 30, 'Fusce consequat.');
insert into comment (comment_id, post_id, content) values (294, 30, 'Aenean sit amet justo. Morbi ut odio.');
insert into comment (comment_id, post_id, content) values (295, 30, 'Morbi sem mauris, laoreet ut, rhoncus aliquet, pulvinar sed, nisl.');
insert into comment (comment_id, post_id, content) values (296, 30, 'Donec ut dolor. Morbi vel lectus in quam fringilla rhoncus.');
insert into comment (comment_id, post_id, content) values (297, 30, 'Vivamus vestibulum sagittis sapien.');
insert into comment (comment_id, post_id, content) values (298, 30, 'Pellentesque viverra pede ac diam.');
insert into comment (comment_id, post_id, content) values (299, 30, 'Praesent id massa id nisl venenatis lacinia. Aenean sit amet justo.');
insert into comment (comment_id, post_id, content) values (300, 31, 'Suspendisse potenti.');
insert into comment (comment_id, post_id, content) values (301, 31, 'Pellentesque eget nunc.');
insert into comment (comment_id, post_id, content) values (302, 31, 'Vestibulum ante ipsum primis in faucibus orci luctus et ultrices posuere cubilia Curae; Donec pharetra, magna vestibulum aliquet ultrices, erat tortor sollicitudin mi, sit amet lobortis sapien sapien non mi.');
insert into comment (comment_id, post_id, content) values (303, 31, 'Aliquam non mauris. Morbi non lectus.');
insert into comment (comment_id, post_id, content) values (304, 31, 'Fusce consequat.');
insert into comment (comment_id, post_id, content) values (305, 31, 'Nulla tellus.');
insert into comment (comment_id, post_id, content) values (306, 31, 'Aliquam sit amet diam in magna bibendum imperdiet. Nullam orci pede, venenatis non, sodales sed, tincidunt eu, felis.');
insert into comment (comment_id, post_id, content) values (307, 31, 'Lorem ipsum dolor sit amet, consectetuer adipiscing elit. Proin interdum mauris non ligula pellentesque ultrices.');
insert into comment (comment_id, post_id, content) values (308, 31, 'Nullam molestie nibh in lectus. Pellentesque at nulla.');
insert into comment (comment_id, post_id, content) values (309, 31, 'In congue.');
insert into comment (comment_id, post_id, content) values (310, 32, 'Sed ante. Vivamus tortor.');
insert into comment (comment_id, post_id, content) values (311, 32, 'Sed accumsan felis.');
insert into comment (comment_id, post_id, content) values (312, 32, 'Nulla tellus. In sagittis dui vel nisl.');
insert into comment (comment_id, post_id, content) values (313, 32, 'Vestibulum quam sapien, varius ut, blandit non, interdum in, ante.');
insert into comment (comment_id, post_id, content) values (314, 32, 'Cras pellentesque volutpat dui.');
insert into comment (comment_id, post_id, content) values (315, 32, 'Fusce congue, diam id ornare imperdiet, sapien urna pretium nisl, ut volutpat sapien arcu sed augue.');
insert into comment (comment_id, post_id, content) values (316, 32, 'Donec dapibus. Duis at velit eu est congue elementum.');
insert into comment (comment_id, post_id, content) values (317, 32, 'Duis aliquam convallis nunc. Proin at turpis a pede posuere nonummy.');
insert into comment (comment_id, post_id, content) values (318, 32, 'Praesent blandit. Nam nulla.');
insert into comment (comment_id, post_id, content) values (319, 32, 'Quisque erat eros, viverra eget, congue eget, semper rutrum, nulla.');
insert into comment (comment_id, post_id, content) values (320, 33, 'Donec quis orci eget orci vehicula condimentum.');
insert into comment (comment_id, post_id, content) values (321, 33, 'Aliquam quis turpis eget elit sodales scelerisque. Mauris sit amet eros.');
insert into comment (comment_id, post_id, content) values (322, 33, 'Duis aliquam convallis nunc.');
insert into comment (comment_id, post_id, content) values (323, 33, 'Integer non velit. Donec diam neque, vestibulum eget, vulputate ut, ultrices vel, augue.');
insert into comment (comment_id, post_id, content) values (324, 33, 'Quisque ut erat.');
insert into comment (comment_id, post_id, content) values (325, 33, 'Morbi porttitor lorem id ligula. Suspendisse ornare consequat lectus.');
insert into comment (comment_id, post_id, content) values (326, 33, 'Phasellus sit amet erat.');
insert into comment (comment_id, post_id, content) values (327, 33, 'Quisque id justo sit amet sapien dignissim vestibulum.');
insert into comment (comment_id, post_id, content) values (328, 33, 'Donec ut mauris eget massa tempor convallis.');
insert into comment (comment_id, post_id, content) values (329, 33, 'Vivamus in felis eu sapien cursus vestibulum. Proin eu mi.');
insert into comment (comment_id, post_id, content) values (330, 34, 'In est risus, auctor sed, tristique in, tempus sit amet, sem. Fusce consequat.');
insert into comment (comment_id, post_id, content) values (331, 34, 'Duis bibendum. Morbi non quam nec dui luctus rutrum.');
insert into comment (comment_id, post_id, content) values (332, 34, 'Vivamus in felis eu sapien cursus vestibulum. Proin eu mi.');
insert into comment (comment_id, post_id, content) values (333, 34, 'Vivamus metus arcu, adipiscing molestie, hendrerit at, vulputate vitae, nisl.');
insert into comment (comment_id, post_id, content) values (334, 34, 'In sagittis dui vel nisl. Duis ac nibh.');
insert into comment (comment_id, post_id, content) values (335, 34, 'Aenean auctor gravida sem. Praesent id massa id nisl venenatis lacinia.');
insert into comment (comment_id, post_id, content) values (336, 34, 'Morbi a ipsum.');
insert into comment (comment_id, post_id, content) values (337, 34, 'Duis mattis egestas metus. Aenean fermentum.');
insert into comment (comment_id, post_id, content) values (338, 34, 'Sed sagittis. Nam congue, risus semper porta volutpat, quam pede lobortis ligula, sit amet eleifend pede libero quis orci.');
insert into comment (comment_id, post_id, content) values (339, 34, 'Integer pede justo, lacinia eget, tincidunt eget, tempus vel, pede. Morbi porttitor lorem id ligula.');
insert into comment (comment_id, post_id, content) values (340, 35, 'In hac habitasse platea dictumst. Aliquam augue quam, sollicitudin vitae, consectetuer eget, rutrum at, lorem.');
insert into comment (comment_id, post_id, content) values (341, 35, 'Nulla ac enim.');
insert into comment (comment_id, post_id, content) values (342, 35, 'Morbi odio odio, elementum eu, interdum eu, tincidunt in, leo. Maecenas pulvinar lobortis est.');
insert into comment (comment_id, post_id, content) values (343, 35, 'Praesent blandit.');
insert into comment (comment_id, post_id, content) values (344, 35, 'Maecenas tincidunt lacus at velit. Vivamus vel nulla eget eros elementum pellentesque.');
insert into comment (comment_id, post_id, content) values (345, 35, 'Nulla ac enim. In tempor, turpis nec euismod scelerisque, quam turpis adipiscing lorem, vitae mattis nibh ligula nec sem.');
insert into comment (comment_id, post_id, content) values (346, 35, 'Duis at velit eu est congue elementum. In hac habitasse platea dictumst.');
insert into comment (comment_id, post_id, content) values (347, 35, 'Curabitur convallis. Duis consequat dui nec nisi volutpat eleifend.');
insert into comment (comment_id, post_id, content) values (348, 35, 'Nam nulla.');
insert into comment (comment_id, post_id, content) values (349, 35, 'Nullam molestie nibh in lectus.');
insert into comment (comment_id, post_id, content) values (350, 36, 'Nunc rhoncus dui vel sem. Sed sagittis.');
insert into comment (comment_id, post_id, content) values (351, 36, 'Nulla tempus.');
insert into comment (comment_id, post_id, content) values (352, 36, 'Nam nulla. Integer pede justo, lacinia eget, tincidunt eget, tempus vel, pede.');
insert into comment (comment_id, post_id, content) values (353, 36, 'In est risus, auctor sed, tristique in, tempus sit amet, sem. Fusce consequat.');
insert into comment (comment_id, post_id, content) values (354, 36, 'Duis consequat dui nec nisi volutpat eleifend. Donec ut dolor.');
insert into comment (comment_id, post_id, content) values (355, 36, 'Vestibulum ante ipsum primis in faucibus orci luctus et ultrices posuere cubilia Curae; Duis faucibus accumsan odio. Curabitur convallis.');
insert into comment (comment_id, post_id, content) values (356, 36, 'Morbi porttitor lorem id ligula.');
insert into comment (comment_id, post_id, content) values (357, 36, 'Proin interdum mauris non ligula pellentesque ultrices. Phasellus id sapien in sapien iaculis congue.');
insert into comment (comment_id, post_id, content) values (358, 36, 'Morbi porttitor lorem id ligula. Suspendisse ornare consequat lectus.');
insert into comment (comment_id, post_id, content) values (359, 36, 'Etiam pretium iaculis justo. In hac habitasse platea dictumst.');
insert into comment (comment_id, post_id, content) values (360, 37, 'Praesent id massa id nisl venenatis lacinia. Aenean sit amet justo.');
insert into comment (comment_id, post_id, content) values (361, 37, 'Donec ut dolor.');
insert into comment (comment_id, post_id, content) values (362, 37, 'Donec posuere metus vitae ipsum.');
insert into comment (comment_id, post_id, content) values (363, 37, 'Integer aliquet, massa id lobortis convallis, tortor risus dapibus augue, vel accumsan tellus nisi eu orci. Mauris lacinia sapien quis libero.');
insert into comment (comment_id, post_id, content) values (364, 37, 'Morbi a ipsum. Integer a nibh.');
insert into comment (comment_id, post_id, content) values (365, 37, 'Integer ac leo.');
insert into comment (comment_id, post_id, content) values (366, 37, 'Quisque arcu libero, rutrum ac, lobortis vel, dapibus at, diam. Nam tristique tortor eu pede.');
insert into comment (comment_id, post_id, content) values (367, 37, 'Praesent id massa id nisl venenatis lacinia. Aenean sit amet justo.');
insert into comment (comment_id, post_id, content) values (368, 37, 'Curabitur convallis.');
insert into comment (comment_id, post_id, content) values (369, 37, 'Nunc purus.');
insert into comment (comment_id, post_id, content) values (370, 38, 'Etiam justo. Etiam pretium iaculis justo.');
insert into comment (comment_id, post_id, content) values (371, 38, 'Duis at velit eu est congue elementum.');
insert into comment (comment_id, post_id, content) values (372, 38, 'Mauris sit amet eros. Suspendisse accumsan tortor quis turpis.');
insert into comment (comment_id, post_id, content) values (373, 38, 'Vestibulum ante ipsum primis in faucibus orci luctus et ultrices posuere cubilia Curae; Donec pharetra, magna vestibulum aliquet ultrices, erat tortor sollicitudin mi, sit amet lobortis sapien sapien non mi. Integer ac neque.');
insert into comment (comment_id, post_id, content) values (374, 38, 'Suspendisse potenti. In eleifend quam a odio.');
insert into comment (comment_id, post_id, content) values (375, 38, 'Suspendisse potenti.');
insert into comment (comment_id, post_id, content) values (376, 38, 'Mauris lacinia sapien quis libero.');
insert into comment (comment_id, post_id, content) values (377, 38, 'Vestibulum ante ipsum primis in faucibus orci luctus et ultrices posuere cubilia Curae; Duis faucibus accumsan odio. Curabitur convallis.');
insert into comment (comment_id, post_id, content) values (378, 38, 'Aenean lectus.');
insert into comment (comment_id, post_id, content) values (379, 38, 'Praesent id massa id nisl venenatis lacinia.');
insert into comment (comment_id, post_id, content) values (380, 39, 'Integer non velit.');
insert into comment (comment_id, post_id, content) values (381, 39, 'Integer ac leo. Pellentesque ultrices mattis odio.');
insert into comment (comment_id, post_id, content) values (382, 39, 'Proin eu mi.');
insert into comment (comment_id, post_id, content) values (383, 39, 'Nulla ac enim.');
insert into comment (comment_id, post_id, content) values (384, 39, 'Nullam molestie nibh in lectus. Pellentesque at nulla.');
insert into comment (comment_id, post_id, content) values (385, 39, 'Curabitur at ipsum ac tellus semper interdum.');
insert into comment (comment_id, post_id, content) values (386, 39, 'Suspendisse ornare consequat lectus. In est risus, auctor sed, tristique in, tempus sit amet, sem.');
insert into comment (comment_id, post_id, content) values (387, 39, 'Vivamus in felis eu sapien cursus vestibulum. Proin eu mi.');
insert into comment (comment_id, post_id, content) values (388, 39, 'Nam dui. Proin leo odio, porttitor id, consequat in, consequat ut, nulla.');
insert into comment (comment_id, post_id, content) values (389, 39, 'Maecenas pulvinar lobortis est.');
insert into comment (comment_id, post_id, content) values (390, 40, 'Nam congue, risus semper porta volutpat, quam pede lobortis ligula, sit amet eleifend pede libero quis orci.');
insert into comment (comment_id, post_id, content) values (391, 40, 'Vestibulum rutrum rutrum neque. Aenean auctor gravida sem.');
insert into comment (comment_id, post_id, content) values (392, 40, 'Donec ut mauris eget massa tempor convallis.');
insert into comment (comment_id, post_id, content) values (393, 40, 'Sed vel enim sit amet nunc viverra dapibus. Nulla suscipit ligula in lacus.');
insert into comment (comment_id, post_id, content) values (394, 40, 'Phasellus in felis.');
insert into comment (comment_id, post_id, content) values (395, 40, 'Morbi sem mauris, laoreet ut, rhoncus aliquet, pulvinar sed, nisl.');
insert into comment (comment_id, post_id, content) values (396, 40, 'Quisque arcu libero, rutrum ac, lobortis vel, dapibus at, diam. Nam tristique tortor eu pede.');
insert into comment (comment_id, post_id, content) values (397, 40, 'In congue. Etiam justo.');
insert into comment (comment_id, post_id, content) values (398, 40, 'Ut at dolor quis odio consequat varius. Integer ac leo.');
insert into comment (comment_id, post_id, content) values (399, 40, 'Quisque erat eros, viverra eget, congue eget, semper rutrum, nulla. Nunc purus.');
insert into comment (comment_id, post_id, content) values (400, 41, 'Suspendisse potenti.');
insert into comment (comment_id, post_id, content) values (401, 41, 'Curabitur gravida nisi at nibh.');
insert into comment (comment_id, post_id, content) values (402, 41, 'Sed sagittis.');
insert into comment (comment_id, post_id, content) values (403, 41, 'Donec diam neque, vestibulum eget, vulputate ut, ultrices vel, augue. Vestibulum ante ipsum primis in faucibus orci luctus et ultrices posuere cubilia Curae; Donec pharetra, magna vestibulum aliquet ultrices, erat tortor sollicitudin mi, sit amet lobortis sapien sapien non mi.');
insert into comment (comment_id, post_id, content) values (404, 41, 'Phasellus id sapien in sapien iaculis congue.');
insert into comment (comment_id, post_id, content) values (405, 41, 'Fusce consequat. Nulla nisl.');
insert into comment (comment_id, post_id, content) values (406, 41, 'Pellentesque eget nunc.');
insert into comment (comment_id, post_id, content) values (407, 41, 'Morbi quis tortor id nulla ultrices aliquet.');
insert into comment (comment_id, post_id, content) values (408, 41, 'Phasellus sit amet erat. Nulla tempus.');
insert into comment (comment_id, post_id, content) values (409, 41, 'In hac habitasse platea dictumst. Aliquam augue quam, sollicitudin vitae, consectetuer eget, rutrum at, lorem.');
insert into comment (comment_id, post_id, content) values (410, 42, 'Nulla facilisi. Cras non velit nec nisi vulputate nonummy.');
insert into comment (comment_id, post_id, content) values (411, 42, 'Phasellus sit amet erat. Nulla tempus.');
insert into comment (comment_id, post_id, content) values (412, 42, 'Mauris sit amet eros. Suspendisse accumsan tortor quis turpis.');
insert into comment (comment_id, post_id, content) values (413, 42, 'Proin at turpis a pede posuere nonummy.');
insert into comment (comment_id, post_id, content) values (414, 42, 'Suspendisse potenti. Cras in purus eu magna vulputate luctus.');
insert into comment (comment_id, post_id, content) values (415, 42, 'Mauris sit amet eros.');
insert into comment (comment_id, post_id, content) values (416, 42, 'Donec quis orci eget orci vehicula condimentum. Curabitur in libero ut massa volutpat convallis.');
insert into comment (comment_id, post_id, content) values (417, 42, 'Pellentesque at nulla.');
insert into comment (comment_id, post_id, content) values (418, 42, 'Nam nulla. Integer pede justo, lacinia eget, tincidunt eget, tempus vel, pede.');
insert into comment (comment_id, post_id, content) values (419, 42, 'Vivamus vestibulum sagittis sapien. Cum sociis natoque penatibus et magnis dis parturient montes, nascetur ridiculus mus.');
insert into comment (comment_id, post_id, content) values (420, 43, 'Aliquam quis turpis eget elit sodales scelerisque. Mauris sit amet eros.');
insert into comment (comment_id, post_id, content) values (421, 43, 'Nullam sit amet turpis elementum ligula vehicula consequat.');
insert into comment (comment_id, post_id, content) values (422, 43, 'Praesent lectus. Vestibulum quam sapien, varius ut, blandit non, interdum in, ante.');
insert into comment (comment_id, post_id, content) values (423, 43, 'Nulla facilisi. Cras non velit nec nisi vulputate nonummy.');
insert into comment (comment_id, post_id, content) values (424, 43, 'In congue. Etiam justo.');
insert into comment (comment_id, post_id, content) values (425, 43, 'Pellentesque viverra pede ac diam.');
insert into comment (comment_id, post_id, content) values (426, 43, 'Quisque ut erat.');
insert into comment (comment_id, post_id, content) values (427, 43, 'In congue. Etiam justo.');
insert into comment (comment_id, post_id, content) values (428, 43, 'Nullam sit amet turpis elementum ligula vehicula consequat. Morbi a ipsum.');
insert into comment (comment_id, post_id, content) values (429, 43, 'Vestibulum quam sapien, varius ut, blandit non, interdum in, ante. Vestibulum ante ipsum primis in faucibus orci luctus et ultrices posuere cubilia Curae; Duis faucibus accumsan odio.');
insert into comment (comment_id, post_id, content) values (430, 44, 'Vivamus in felis eu sapien cursus vestibulum. Proin eu mi.');
insert into comment (comment_id, post_id, content) values (431, 44, 'Nam congue, risus semper porta volutpat, quam pede lobortis ligula, sit amet eleifend pede libero quis orci.');
insert into comment (comment_id, post_id, content) values (432, 44, 'Vivamus tortor.');
insert into comment (comment_id, post_id, content) values (433, 44, 'Pellentesque viverra pede ac diam. Cras pellentesque volutpat dui.');
insert into comment (comment_id, post_id, content) values (434, 44, 'Nullam sit amet turpis elementum ligula vehicula consequat. Morbi a ipsum.');
insert into comment (comment_id, post_id, content) values (435, 44, 'Vivamus vel nulla eget eros elementum pellentesque.');
insert into comment (comment_id, post_id, content) values (436, 44, 'Donec posuere metus vitae ipsum. Aliquam non mauris.');
insert into comment (comment_id, post_id, content) values (437, 44, 'Phasellus id sapien in sapien iaculis congue. Vivamus metus arcu, adipiscing molestie, hendrerit at, vulputate vitae, nisl.');
insert into comment (comment_id, post_id, content) values (438, 44, 'Nulla tellus. In sagittis dui vel nisl.');
insert into comment (comment_id, post_id, content) values (439, 44, 'Ut at dolor quis odio consequat varius.');
insert into comment (comment_id, post_id, content) values (440, 45, 'Sed vel enim sit amet nunc viverra dapibus. Nulla suscipit ligula in lacus.');
insert into comment (comment_id, post_id, content) values (441, 45, 'Nunc nisl. Duis bibendum, felis sed interdum venenatis, turpis enim blandit mi, in porttitor pede justo eu massa.');
insert into comment (comment_id, post_id, content) values (442, 45, 'Fusce posuere felis sed lacus. Morbi sem mauris, laoreet ut, rhoncus aliquet, pulvinar sed, nisl.');
insert into comment (comment_id, post_id, content) values (443, 45, 'Nulla tempus. Vivamus in felis eu sapien cursus vestibulum.');
insert into comment (comment_id, post_id, content) values (444, 45, 'Donec quis orci eget orci vehicula condimentum. Curabitur in libero ut massa volutpat convallis.');
insert into comment (comment_id, post_id, content) values (445, 45, 'Morbi quis tortor id nulla ultrices aliquet. Maecenas leo odio, condimentum id, luctus nec, molestie sed, justo.');
insert into comment (comment_id, post_id, content) values (446, 45, 'Nulla justo.');
insert into comment (comment_id, post_id, content) values (447, 45, 'Proin leo odio, porttitor id, consequat in, consequat ut, nulla.');
insert into comment (comment_id, post_id, content) values (448, 45, 'Morbi non lectus.');
insert into comment (comment_id, post_id, content) values (449, 45, 'Suspendisse potenti.');
insert into comment (comment_id, post_id, content) values (450, 46, 'In blandit ultrices enim. Lorem ipsum dolor sit amet, consectetuer adipiscing elit.');
insert into comment (comment_id, post_id, content) values (451, 46, 'Nulla nisl. Nunc nisl.');
insert into comment (comment_id, post_id, content) values (452, 46, 'Curabitur gravida nisi at nibh.');
insert into comment (comment_id, post_id, content) values (453, 46, 'Quisque ut erat.');
insert into comment (comment_id, post_id, content) values (454, 46, 'Donec dapibus.');
insert into comment (comment_id, post_id, content) values (455, 46, 'Nullam orci pede, venenatis non, sodales sed, tincidunt eu, felis.');
insert into comment (comment_id, post_id, content) values (456, 46, 'Nam congue, risus semper porta volutpat, quam pede lobortis ligula, sit amet eleifend pede libero quis orci. Nullam molestie nibh in lectus.');
insert into comment (comment_id, post_id, content) values (457, 46, 'Morbi odio odio, elementum eu, interdum eu, tincidunt in, leo.');
insert into comment (comment_id, post_id, content) values (458, 46, 'Maecenas leo odio, condimentum id, luctus nec, molestie sed, justo.');
insert into comment (comment_id, post_id, content) values (459, 46, 'Integer non velit.');
insert into comment (comment_id, post_id, content) values (460, 47, 'Duis consequat dui nec nisi volutpat eleifend. Donec ut dolor.');
insert into comment (comment_id, post_id, content) values (461, 47, 'Cras non velit nec nisi vulputate nonummy.');
insert into comment (comment_id, post_id, content) values (462, 47, 'Donec semper sapien a libero.');
insert into comment (comment_id, post_id, content) values (463, 47, 'Praesent blandit. Nam nulla.');
insert into comment (comment_id, post_id, content) values (464, 47, 'Morbi porttitor lorem id ligula. Suspendisse ornare consequat lectus.');
insert into comment (comment_id, post_id, content) values (465, 47, 'Quisque ut erat.');
insert into comment (comment_id, post_id, content) values (466, 47, 'Vivamus tortor.');
insert into comment (comment_id, post_id, content) values (467, 47, 'Nam ultrices, libero non mattis pulvinar, nulla pede ullamcorper augue, a suscipit nulla elit ac nulla. Sed vel enim sit amet nunc viverra dapibus.');
insert into comment (comment_id, post_id, content) values (468, 47, 'Integer tincidunt ante vel ipsum.');
insert into comment (comment_id, post_id, content) values (469, 47, 'Mauris ullamcorper purus sit amet nulla. Quisque arcu libero, rutrum ac, lobortis vel, dapibus at, diam.');
insert into comment (comment_id, post_id, content) values (470, 48, 'Quisque arcu libero, rutrum ac, lobortis vel, dapibus at, diam. Nam tristique tortor eu pede.');
insert into comment (comment_id, post_id, content) values (471, 48, 'Ut tellus. Nulla ut erat id mauris vulputate elementum.');
insert into comment (comment_id, post_id, content) values (472, 48, 'Quisque ut erat.');
insert into comment (comment_id, post_id, content) values (473, 48, 'Morbi vel lectus in quam fringilla rhoncus. Mauris enim leo, rhoncus sed, vestibulum sit amet, cursus id, turpis.');
insert into comment (comment_id, post_id, content) values (474, 48, 'Pellentesque ultrices mattis odio. Donec vitae nisi.');
insert into comment (comment_id, post_id, content) values (475, 48, 'Integer tincidunt ante vel ipsum.');
insert into comment (comment_id, post_id, content) values (476, 48, 'Maecenas rhoncus aliquam lacus.');
insert into comment (comment_id, post_id, content) values (477, 48, 'Morbi vestibulum, velit id pretium iaculis, diam erat fermentum justo, nec condimentum neque sapien placerat ante. Nulla justo.');
insert into comment (comment_id, post_id, content) values (478, 48, 'Proin risus. Praesent lectus.');
insert into comment (comment_id, post_id, content) values (479, 48, 'Donec diam neque, vestibulum eget, vulputate ut, ultrices vel, augue. Vestibulum ante ipsum primis in faucibus orci luctus et ultrices posuere cubilia Curae; Donec pharetra, magna vestibulum aliquet ultrices, erat tortor sollicitudin mi, sit amet lobortis sapien sapien non mi.');
insert into comment (comment_id, post_id, content) values (480, 49, 'In blandit ultrices enim. Lorem ipsum dolor sit amet, consectetuer adipiscing elit.');
insert into comment (comment_id, post_id, content) values (481, 49, 'Lorem ipsum dolor sit amet, consectetuer adipiscing elit.');
insert into comment (comment_id, post_id, content) values (482, 49, 'Donec posuere metus vitae ipsum. Aliquam non mauris.');
insert into comment (comment_id, post_id, content) values (483, 49, 'Etiam faucibus cursus urna. Ut tellus.');
insert into comment (comment_id, post_id, content) values (484, 49, 'In hac habitasse platea dictumst.');
insert into comment (comment_id, post_id, content) values (485, 49, 'Vestibulum sed magna at nunc commodo placerat. Praesent blandit.');
insert into comment (comment_id, post_id, content) values (486, 49, 'Aliquam augue quam, sollicitudin vitae, consectetuer eget, rutrum at, lorem.');
insert into comment (comment_id, post_id, content) values (487, 49, 'Praesent blandit. Nam nulla.');
insert into comment (comment_id, post_id, content) values (488, 49, 'Donec odio justo, sollicitudin ut, suscipit a, feugiat et, eros. Vestibulum ac est lacinia nisi venenatis tristique.');
insert into comment (comment_id, post_id, content) values (489, 49, 'Duis at velit eu est congue elementum. In hac habitasse platea dictumst.');
insert into comment (comment_id, post_id, content) values (490, 50, 'Quisque id justo sit amet sapien dignissim vestibulum.');
insert into comment (comment_id, post_id, content) values (491, 50, 'Nulla suscipit ligula in lacus. Curabitur at ipsum ac tellus semper interdum.');
insert into comment (comment_id, post_id, content) values (492, 50, 'Curabitur convallis. Duis consequat dui nec nisi volutpat eleifend.');
insert into comment (comment_id, post_id, content) values (493, 50, 'Suspendisse potenti. In eleifend quam a odio.');
insert into comment (comment_id, post_id, content) values (494, 50, 'In blandit ultrices enim.');
insert into comment (comment_id, post_id, content) values (495, 50, 'Maecenas ut massa quis augue luctus tincidunt.');
insert into comment (comment_id, post_id, content) values (496, 50, 'Nulla ac enim. In tempor, turpis nec euismod scelerisque, quam turpis adipiscing lorem, vitae mattis nibh ligula nec sem.');
insert into comment (comment_id, post_id, content) values (497, 50, 'Duis mattis egestas metus.');
insert into comment (comment_id, post_id, content) values (498, 50, 'Suspendisse accumsan tortor quis turpis. Sed ante.');
insert into comment (comment_id, post_id, content) values (499, 50, 'Morbi vel lectus in quam fringilla rhoncus.');
insert into comment (comment_id, post_id, content) values (500, 51, 'Sed accumsan felis.');
insert into comment (comment_id, post_id, content) values (501, 51, 'Nulla mollis molestie lorem. Quisque ut erat.');
insert into comment (comment_id, post_id, content) values (502, 51, 'Vestibulum ante ipsum primis in faucibus orci luctus et ultrices posuere cubilia Curae; Mauris viverra diam vitae quam. Suspendisse potenti.');
insert into comment (comment_id, post_id, content) values (503, 51, 'Fusce congue, diam id ornare imperdiet, sapien urna pretium nisl, ut volutpat sapien arcu sed augue.');
insert into comment (comment_id, post_id, content) values (504, 51, 'Aenean lectus.');
insert into comment (comment_id, post_id, content) values (505, 51, 'Integer ac leo.');
insert into comment (comment_id, post_id, content) values (506, 51, 'Morbi non lectus. Aliquam sit amet diam in magna bibendum imperdiet.');
insert into comment (comment_id, post_id, content) values (507, 51, 'Nam nulla.');
insert into comment (comment_id, post_id, content) values (508, 51, 'Mauris enim leo, rhoncus sed, vestibulum sit amet, cursus id, turpis. Integer aliquet, massa id lobortis convallis, tortor risus dapibus augue, vel accumsan tellus nisi eu orci.');
insert into comment (comment_id, post_id, content) values (509, 51, 'Pellentesque ultrices mattis odio.');
insert into comment (comment_id, post_id, content) values (510, 52, 'Fusce lacus purus, aliquet at, feugiat non, pretium quis, lectus.');
insert into comment (comment_id, post_id, content) values (511, 52, 'Maecenas tincidunt lacus at velit.');
insert into comment (comment_id, post_id, content) values (512, 52, 'Nullam porttitor lacus at turpis. Donec posuere metus vitae ipsum.');
insert into comment (comment_id, post_id, content) values (513, 52, 'Nullam sit amet turpis elementum ligula vehicula consequat.');
insert into comment (comment_id, post_id, content) values (514, 52, 'Suspendisse ornare consequat lectus. In est risus, auctor sed, tristique in, tempus sit amet, sem.');
insert into comment (comment_id, post_id, content) values (515, 52, 'Pellentesque at nulla.');
insert into comment (comment_id, post_id, content) values (516, 52, 'Mauris enim leo, rhoncus sed, vestibulum sit amet, cursus id, turpis.');
insert into comment (comment_id, post_id, content) values (517, 52, 'Aliquam quis turpis eget elit sodales scelerisque.');
insert into comment (comment_id, post_id, content) values (518, 52, 'Quisque id justo sit amet sapien dignissim vestibulum.');
insert into comment (comment_id, post_id, content) values (519, 52, 'Pellentesque eget nunc.');
insert into comment (comment_id, post_id, content) values (520, 53, 'Vivamus vel nulla eget eros elementum pellentesque.');
insert into comment (comment_id, post_id, content) values (521, 53, 'Fusce congue, diam id ornare imperdiet, sapien urna pretium nisl, ut volutpat sapien arcu sed augue. Aliquam erat volutpat.');
insert into comment (comment_id, post_id, content) values (522, 53, 'Quisque ut erat.');
insert into comment (comment_id, post_id, content) values (523, 53, 'Pellentesque eget nunc.');
insert into comment (comment_id, post_id, content) values (524, 53, 'Quisque arcu libero, rutrum ac, lobortis vel, dapibus at, diam.');
insert into comment (comment_id, post_id, content) values (525, 53, 'Etiam justo. Etiam pretium iaculis justo.');
insert into comment (comment_id, post_id, content) values (526, 53, 'Fusce congue, diam id ornare imperdiet, sapien urna pretium nisl, ut volutpat sapien arcu sed augue. Aliquam erat volutpat.');
insert into comment (comment_id, post_id, content) values (527, 53, 'In hac habitasse platea dictumst. Maecenas ut massa quis augue luctus tincidunt.');
insert into comment (comment_id, post_id, content) values (528, 53, 'Praesent id massa id nisl venenatis lacinia. Aenean sit amet justo.');
insert into comment (comment_id, post_id, content) values (529, 53, 'Aliquam augue quam, sollicitudin vitae, consectetuer eget, rutrum at, lorem. Integer tincidunt ante vel ipsum.');
insert into comment (comment_id, post_id, content) values (530, 54, 'Integer ac leo.');
insert into comment (comment_id, post_id, content) values (531, 54, 'Nullam orci pede, venenatis non, sodales sed, tincidunt eu, felis. Fusce posuere felis sed lacus.');
insert into comment (comment_id, post_id, content) values (532, 54, 'Donec posuere metus vitae ipsum. Aliquam non mauris.');
insert into comment (comment_id, post_id, content) values (533, 54, 'Mauris lacinia sapien quis libero.');
insert into comment (comment_id, post_id, content) values (534, 54, 'Nulla suscipit ligula in lacus.');
insert into comment (comment_id, post_id, content) values (535, 54, 'Phasellus id sapien in sapien iaculis congue. Vivamus metus arcu, adipiscing molestie, hendrerit at, vulputate vitae, nisl.');
insert into comment (comment_id, post_id, content) values (536, 54, 'Duis mattis egestas metus. Aenean fermentum.');
insert into comment (comment_id, post_id, content) values (537, 54, 'Donec ut dolor.');
insert into comment (comment_id, post_id, content) values (538, 54, 'Integer ac neque.');
insert into comment (comment_id, post_id, content) values (539, 54, 'Maecenas rhoncus aliquam lacus. Morbi quis tortor id nulla ultrices aliquet.');
insert into comment (comment_id, post_id, content) values (540, 55, 'Integer a nibh.');
insert into comment (comment_id, post_id, content) values (541, 55, 'Nulla facilisi.');
insert into comment (comment_id, post_id, content) values (542, 55, 'Quisque erat eros, viverra eget, congue eget, semper rutrum, nulla.');
insert into comment (comment_id, post_id, content) values (543, 55, 'Nulla suscipit ligula in lacus.');
insert into comment (comment_id, post_id, content) values (544, 55, 'Vivamus vel nulla eget eros elementum pellentesque. Quisque porta volutpat erat.');
insert into comment (comment_id, post_id, content) values (545, 55, 'Quisque arcu libero, rutrum ac, lobortis vel, dapibus at, diam. Nam tristique tortor eu pede.');
insert into comment (comment_id, post_id, content) values (546, 55, 'Quisque erat eros, viverra eget, congue eget, semper rutrum, nulla.');
insert into comment (comment_id, post_id, content) values (547, 55, 'Morbi non lectus.');
insert into comment (comment_id, post_id, content) values (548, 55, 'Etiam pretium iaculis justo. In hac habitasse platea dictumst.');
insert into comment (comment_id, post_id, content) values (549, 55, 'Morbi vestibulum, velit id pretium iaculis, diam erat fermentum justo, nec condimentum neque sapien placerat ante.');
insert into comment (comment_id, post_id, content) values (550, 56, 'Aenean lectus. Pellentesque eget nunc.');
insert into comment (comment_id, post_id, content) values (551, 56, 'Nam tristique tortor eu pede.');
insert into comment (comment_id, post_id, content) values (552, 56, 'In hac habitasse platea dictumst. Morbi vestibulum, velit id pretium iaculis, diam erat fermentum justo, nec condimentum neque sapien placerat ante.');
insert into comment (comment_id, post_id, content) values (553, 56, 'In hac habitasse platea dictumst. Maecenas ut massa quis augue luctus tincidunt.');
insert into comment (comment_id, post_id, content) values (554, 56, 'Nulla justo.');
insert into comment (comment_id, post_id, content) values (555, 56, 'Praesent lectus.');
insert into comment (comment_id, post_id, content) values (556, 56, 'Quisque arcu libero, rutrum ac, lobortis vel, dapibus at, diam.');
insert into comment (comment_id, post_id, content) values (557, 56, 'Curabitur at ipsum ac tellus semper interdum.');
insert into comment (comment_id, post_id, content) values (558, 56, 'Nulla neque libero, convallis eget, eleifend luctus, ultricies eu, nibh. Quisque id justo sit amet sapien dignissim vestibulum.');
insert into comment (comment_id, post_id, content) values (559, 56, 'Nullam orci pede, venenatis non, sodales sed, tincidunt eu, felis.');
insert into comment (comment_id, post_id, content) values (560, 57, 'Suspendisse potenti. Cras in purus eu magna vulputate luctus.');
insert into comment (comment_id, post_id, content) values (561, 57, 'Pellentesque ultrices mattis odio.');
insert into comment (comment_id, post_id, content) values (562, 57, 'Pellentesque eget nunc.');
insert into comment (comment_id, post_id, content) values (563, 57, 'Vestibulum sed magna at nunc commodo placerat.');
insert into comment (comment_id, post_id, content) values (564, 57, 'Donec dapibus.');
insert into comment (comment_id, post_id, content) values (565, 57, 'Fusce lacus purus, aliquet at, feugiat non, pretium quis, lectus.');
insert into comment (comment_id, post_id, content) values (566, 57, 'Nullam molestie nibh in lectus. Pellentesque at nulla.');
insert into comment (comment_id, post_id, content) values (567, 57, 'Praesent lectus. Vestibulum quam sapien, varius ut, blandit non, interdum in, ante.');
insert into comment (comment_id, post_id, content) values (568, 57, 'Etiam justo.');
insert into comment (comment_id, post_id, content) values (569, 57, 'Proin eu mi. Nulla ac enim.');
insert into comment (comment_id, post_id, content) values (570, 58, 'Donec quis orci eget orci vehicula condimentum.');
insert into comment (comment_id, post_id, content) values (571, 58, 'Mauris sit amet eros.');
insert into comment (comment_id, post_id, content) values (572, 58, 'Donec odio justo, sollicitudin ut, suscipit a, feugiat et, eros. Vestibulum ac est lacinia nisi venenatis tristique.');
insert into comment (comment_id, post_id, content) values (573, 58, 'Fusce posuere felis sed lacus. Morbi sem mauris, laoreet ut, rhoncus aliquet, pulvinar sed, nisl.');
insert into comment (comment_id, post_id, content) values (574, 58, 'Morbi sem mauris, laoreet ut, rhoncus aliquet, pulvinar sed, nisl. Nunc rhoncus dui vel sem.');
insert into comment (comment_id, post_id, content) values (575, 58, 'Donec posuere metus vitae ipsum.');
insert into comment (comment_id, post_id, content) values (576, 58, 'Ut at dolor quis odio consequat varius. Integer ac leo.');
insert into comment (comment_id, post_id, content) values (577, 58, 'Nam ultrices, libero non mattis pulvinar, nulla pede ullamcorper augue, a suscipit nulla elit ac nulla. Sed vel enim sit amet nunc viverra dapibus.');
insert into comment (comment_id, post_id, content) values (578, 58, 'In hac habitasse platea dictumst. Maecenas ut massa quis augue luctus tincidunt.');
insert into comment (comment_id, post_id, content) values (579, 58, 'Mauris enim leo, rhoncus sed, vestibulum sit amet, cursus id, turpis. Integer aliquet, massa id lobortis convallis, tortor risus dapibus augue, vel accumsan tellus nisi eu orci.');
insert into comment (comment_id, post_id, content) values (580, 59, 'Vestibulum ante ipsum primis in faucibus orci luctus et ultrices posuere cubilia Curae; Nulla dapibus dolor vel est.');
insert into comment (comment_id, post_id, content) values (581, 59, 'Cum sociis natoque penatibus et magnis dis parturient montes, nascetur ridiculus mus.');
insert into comment (comment_id, post_id, content) values (582, 59, 'In sagittis dui vel nisl. Duis ac nibh.');
insert into comment (comment_id, post_id, content) values (583, 59, 'Maecenas pulvinar lobortis est. Phasellus sit amet erat.');
insert into comment (comment_id, post_id, content) values (584, 59, 'Vestibulum ante ipsum primis in faucibus orci luctus et ultrices posuere cubilia Curae; Duis faucibus accumsan odio.');
insert into comment (comment_id, post_id, content) values (585, 59, 'Nulla nisl.');
insert into comment (comment_id, post_id, content) values (586, 59, 'Aenean sit amet justo.');
insert into comment (comment_id, post_id, content) values (587, 59, 'Morbi quis tortor id nulla ultrices aliquet. Maecenas leo odio, condimentum id, luctus nec, molestie sed, justo.');
insert into comment (comment_id, post_id, content) values (588, 59, 'Morbi odio odio, elementum eu, interdum eu, tincidunt in, leo. Maecenas pulvinar lobortis est.');
insert into comment (comment_id, post_id, content) values (589, 59, 'Proin leo odio, porttitor id, consequat in, consequat ut, nulla. Sed accumsan felis.');
insert into comment (comment_id, post_id, content) values (590, 60, 'Curabitur gravida nisi at nibh. In hac habitasse platea dictumst.');
insert into comment (comment_id, post_id, content) values (591, 60, 'Lorem ipsum dolor sit amet, consectetuer adipiscing elit. Proin interdum mauris non ligula pellentesque ultrices.');
insert into comment (comment_id, post_id, content) values (592, 60, 'Cum sociis natoque penatibus et magnis dis parturient montes, nascetur ridiculus mus.');
insert into comment (comment_id, post_id, content) values (593, 60, 'Morbi sem mauris, laoreet ut, rhoncus aliquet, pulvinar sed, nisl.');
insert into comment (comment_id, post_id, content) values (594, 60, 'Quisque arcu libero, rutrum ac, lobortis vel, dapibus at, diam.');
insert into comment (comment_id, post_id, content) values (595, 60, 'Mauris ullamcorper purus sit amet nulla.');
insert into comment (comment_id, post_id, content) values (596, 60, 'Integer ac leo. Pellentesque ultrices mattis odio.');
insert into comment (comment_id, post_id, content) values (597, 60, 'Ut tellus.');
insert into comment (comment_id, post_id, content) values (598, 60, 'Donec vitae nisi.');
insert into comment (comment_id, post_id, content) values (599, 60, 'Nam dui. Proin leo odio, porttitor id, consequat in, consequat ut, nulla.');
insert into comment (comment_id, post_id, content) values (600, 61, 'Phasellus sit amet erat.');
insert into comment (comment_id, post_id, content) values (601, 61, 'Donec quis orci eget orci vehicula condimentum. Curabitur in libero ut massa volutpat convallis.');
insert into comment (comment_id, post_id, content) values (602, 61, 'Aenean auctor gravida sem.');
insert into comment (comment_id, post_id, content) values (603, 61, 'Vestibulum ante ipsum primis in faucibus orci luctus et ultrices posuere cubilia Curae; Nulla dapibus dolor vel est.');
insert into comment (comment_id, post_id, content) values (604, 61, 'Mauris lacinia sapien quis libero.');
insert into comment (comment_id, post_id, content) values (605, 61, 'Nullam orci pede, venenatis non, sodales sed, tincidunt eu, felis. Fusce posuere felis sed lacus.');
insert into comment (comment_id, post_id, content) values (606, 61, 'Cras in purus eu magna vulputate luctus.');
insert into comment (comment_id, post_id, content) values (607, 61, 'Vivamus tortor.');
insert into comment (comment_id, post_id, content) values (608, 61, 'Aenean auctor gravida sem.');
insert into comment (comment_id, post_id, content) values (609, 61, 'Nulla justo. Aliquam quis turpis eget elit sodales scelerisque.');
insert into comment (comment_id, post_id, content) values (610, 62, 'Integer a nibh. In quis justo.');
insert into comment (comment_id, post_id, content) values (611, 62, 'Morbi non lectus.');
insert into comment (comment_id, post_id, content) values (612, 62, 'Sed vel enim sit amet nunc viverra dapibus. Nulla suscipit ligula in lacus.');
insert into comment (comment_id, post_id, content) values (613, 62, 'Donec dapibus.');
insert into comment (comment_id, post_id, content) values (614, 62, 'In eleifend quam a odio.');
insert into comment (comment_id, post_id, content) values (615, 62, 'Quisque ut erat.');
insert into comment (comment_id, post_id, content) values (616, 62, 'Nam ultrices, libero non mattis pulvinar, nulla pede ullamcorper augue, a suscipit nulla elit ac nulla. Sed vel enim sit amet nunc viverra dapibus.');
insert into comment (comment_id, post_id, content) values (617, 62, 'Morbi quis tortor id nulla ultrices aliquet. Maecenas leo odio, condimentum id, luctus nec, molestie sed, justo.');
insert into comment (comment_id, post_id, content) values (618, 62, 'Quisque erat eros, viverra eget, congue eget, semper rutrum, nulla. Nunc purus.');
insert into comment (comment_id, post_id, content) values (619, 62, 'Vestibulum rutrum rutrum neque.');
insert into comment (comment_id, post_id, content) values (620, 63, 'Cum sociis natoque penatibus et magnis dis parturient montes, nascetur ridiculus mus. Etiam vel augue.');
insert into comment (comment_id, post_id, content) values (621, 63, 'Maecenas rhoncus aliquam lacus.');
insert into comment (comment_id, post_id, content) values (622, 63, 'Maecenas leo odio, condimentum id, luctus nec, molestie sed, justo. Pellentesque viverra pede ac diam.');
insert into comment (comment_id, post_id, content) values (623, 63, 'In hac habitasse platea dictumst. Morbi vestibulum, velit id pretium iaculis, diam erat fermentum justo, nec condimentum neque sapien placerat ante.');
insert into comment (comment_id, post_id, content) values (624, 63, 'Cras pellentesque volutpat dui.');
insert into comment (comment_id, post_id, content) values (625, 63, 'Cras non velit nec nisi vulputate nonummy.');
insert into comment (comment_id, post_id, content) values (626, 63, 'Lorem ipsum dolor sit amet, consectetuer adipiscing elit. Proin risus.');
insert into comment (comment_id, post_id, content) values (627, 63, 'Praesent blandit. Nam nulla.');
insert into comment (comment_id, post_id, content) values (628, 63, 'Nam ultrices, libero non mattis pulvinar, nulla pede ullamcorper augue, a suscipit nulla elit ac nulla.');
insert into comment (comment_id, post_id, content) values (629, 63, 'Vivamus vestibulum sagittis sapien. Cum sociis natoque penatibus et magnis dis parturient montes, nascetur ridiculus mus.');
insert into comment (comment_id, post_id, content) values (630, 64, 'Nullam orci pede, venenatis non, sodales sed, tincidunt eu, felis.');
insert into comment (comment_id, post_id, content) values (631, 64, 'Proin eu mi. Nulla ac enim.');
insert into comment (comment_id, post_id, content) values (632, 64, 'Aliquam erat volutpat. In congue.');
insert into comment (comment_id, post_id, content) values (633, 64, 'Nullam sit amet turpis elementum ligula vehicula consequat.');
insert into comment (comment_id, post_id, content) values (634, 64, 'Proin risus. Praesent lectus.');
insert into comment (comment_id, post_id, content) values (635, 64, 'Fusce consequat.');
insert into comment (comment_id, post_id, content) values (636, 64, 'Donec ut dolor. Morbi vel lectus in quam fringilla rhoncus.');
insert into comment (comment_id, post_id, content) values (637, 64, 'Mauris sit amet eros. Suspendisse accumsan tortor quis turpis.');
insert into comment (comment_id, post_id, content) values (638, 64, 'Quisque id justo sit amet sapien dignissim vestibulum.');
insert into comment (comment_id, post_id, content) values (639, 64, 'Integer tincidunt ante vel ipsum.');
insert into comment (comment_id, post_id, content) values (640, 65, 'Duis ac nibh. Fusce lacus purus, aliquet at, feugiat non, pretium quis, lectus.');
insert into comment (comment_id, post_id, content) values (641, 65, 'Phasellus sit amet erat.');
insert into comment (comment_id, post_id, content) values (642, 65, 'Phasellus id sapien in sapien iaculis congue. Vivamus metus arcu, adipiscing molestie, hendrerit at, vulputate vitae, nisl.');
insert into comment (comment_id, post_id, content) values (643, 65, 'Vestibulum ante ipsum primis in faucibus orci luctus et ultrices posuere cubilia Curae; Duis faucibus accumsan odio.');
insert into comment (comment_id, post_id, content) values (644, 65, 'In hac habitasse platea dictumst.');
insert into comment (comment_id, post_id, content) values (645, 65, 'Morbi sem mauris, laoreet ut, rhoncus aliquet, pulvinar sed, nisl.');
insert into comment (comment_id, post_id, content) values (646, 65, 'Integer ac neque. Duis bibendum.');
insert into comment (comment_id, post_id, content) values (647, 65, 'Pellentesque viverra pede ac diam. Cras pellentesque volutpat dui.');
insert into comment (comment_id, post_id, content) values (648, 65, 'Praesent blandit lacinia erat.');
insert into comment (comment_id, post_id, content) values (649, 65, 'Ut tellus.');
insert into comment (comment_id, post_id, content) values (650, 66, 'Nam dui.');
insert into comment (comment_id, post_id, content) values (651, 66, 'Aliquam quis turpis eget elit sodales scelerisque.');
insert into comment (comment_id, post_id, content) values (652, 66, 'Vestibulum ac est lacinia nisi venenatis tristique. Fusce congue, diam id ornare imperdiet, sapien urna pretium nisl, ut volutpat sapien arcu sed augue.');
insert into comment (comment_id, post_id, content) values (653, 66, 'Fusce congue, diam id ornare imperdiet, sapien urna pretium nisl, ut volutpat sapien arcu sed augue.');
insert into comment (comment_id, post_id, content) values (654, 66, 'In tempor, turpis nec euismod scelerisque, quam turpis adipiscing lorem, vitae mattis nibh ligula nec sem. Duis aliquam convallis nunc.');
insert into comment (comment_id, post_id, content) values (655, 66, 'Quisque erat eros, viverra eget, congue eget, semper rutrum, nulla.');
insert into comment (comment_id, post_id, content) values (656, 66, 'Nullam porttitor lacus at turpis. Donec posuere metus vitae ipsum.');
insert into comment (comment_id, post_id, content) values (657, 66, 'Mauris sit amet eros.');
insert into comment (comment_id, post_id, content) values (658, 66, 'Nulla justo.');
insert into comment (comment_id, post_id, content) values (659, 66, 'Vestibulum ac est lacinia nisi venenatis tristique. Fusce congue, diam id ornare imperdiet, sapien urna pretium nisl, ut volutpat sapien arcu sed augue.');
insert into comment (comment_id, post_id, content) values (660, 67, 'In hac habitasse platea dictumst. Morbi vestibulum, velit id pretium iaculis, diam erat fermentum justo, nec condimentum neque sapien placerat ante.');
insert into comment (comment_id, post_id, content) values (661, 67, 'Aenean fermentum.');
insert into comment (comment_id, post_id, content) values (662, 67, 'Vivamus metus arcu, adipiscing molestie, hendrerit at, vulputate vitae, nisl. Aenean lectus.');
insert into comment (comment_id, post_id, content) values (663, 67, 'Proin interdum mauris non ligula pellentesque ultrices. Phasellus id sapien in sapien iaculis congue.');
insert into comment (comment_id, post_id, content) values (664, 67, 'In hac habitasse platea dictumst. Aliquam augue quam, sollicitudin vitae, consectetuer eget, rutrum at, lorem.');
insert into comment (comment_id, post_id, content) values (665, 67, 'Morbi odio odio, elementum eu, interdum eu, tincidunt in, leo.');
insert into comment (comment_id, post_id, content) values (666, 67, 'Donec ut mauris eget massa tempor convallis. Nulla neque libero, convallis eget, eleifend luctus, ultricies eu, nibh.');
insert into comment (comment_id, post_id, content) values (667, 67, 'Ut tellus.');
insert into comment (comment_id, post_id, content) values (668, 67, 'Duis aliquam convallis nunc.');
insert into comment (comment_id, post_id, content) values (669, 67, 'Vestibulum ante ipsum primis in faucibus orci luctus et ultrices posuere cubilia Curae; Nulla dapibus dolor vel est.');
insert into comment (comment_id, post_id, content) values (670, 68, 'Cras pellentesque volutpat dui.');
insert into comment (comment_id, post_id, content) values (671, 68, 'Donec quis orci eget orci vehicula condimentum. Curabitur in libero ut massa volutpat convallis.');
insert into comment (comment_id, post_id, content) values (672, 68, 'Vivamus tortor. Duis mattis egestas metus.');
insert into comment (comment_id, post_id, content) values (673, 68, 'Integer tincidunt ante vel ipsum.');
insert into comment (comment_id, post_id, content) values (674, 68, 'Lorem ipsum dolor sit amet, consectetuer adipiscing elit.');
insert into comment (comment_id, post_id, content) values (675, 68, 'Morbi sem mauris, laoreet ut, rhoncus aliquet, pulvinar sed, nisl. Nunc rhoncus dui vel sem.');
insert into comment (comment_id, post_id, content) values (676, 68, 'Vestibulum ac est lacinia nisi venenatis tristique.');
insert into comment (comment_id, post_id, content) values (677, 68, 'Mauris ullamcorper purus sit amet nulla. Quisque arcu libero, rutrum ac, lobortis vel, dapibus at, diam.');
insert into comment (comment_id, post_id, content) values (678, 68, 'Fusce congue, diam id ornare imperdiet, sapien urna pretium nisl, ut volutpat sapien arcu sed augue. Aliquam erat volutpat.');
insert into comment (comment_id, post_id, content) values (679, 68, 'Vestibulum sed magna at nunc commodo placerat.');
insert into comment (comment_id, post_id, content) values (680, 69, 'Donec ut dolor.');
insert into comment (comment_id, post_id, content) values (681, 69, 'Proin eu mi.');
insert into comment (comment_id, post_id, content) values (682, 69, 'Suspendisse accumsan tortor quis turpis.');
insert into comment (comment_id, post_id, content) values (683, 69, 'Vestibulum ac est lacinia nisi venenatis tristique. Fusce congue, diam id ornare imperdiet, sapien urna pretium nisl, ut volutpat sapien arcu sed augue.');
insert into comment (comment_id, post_id, content) values (684, 69, 'Nulla nisl.');
insert into comment (comment_id, post_id, content) values (685, 69, 'Proin interdum mauris non ligula pellentesque ultrices. Phasellus id sapien in sapien iaculis congue.');
insert into comment (comment_id, post_id, content) values (686, 69, 'Nullam sit amet turpis elementum ligula vehicula consequat. Morbi a ipsum.');
insert into comment (comment_id, post_id, content) values (687, 69, 'Nullam varius.');
insert into comment (comment_id, post_id, content) values (688, 69, 'Morbi non lectus.');
insert into comment (comment_id, post_id, content) values (689, 69, 'In hac habitasse platea dictumst. Morbi vestibulum, velit id pretium iaculis, diam erat fermentum justo, nec condimentum neque sapien placerat ante.');
insert into comment (comment_id, post_id, content) values (690, 70, 'Ut at dolor quis odio consequat varius.');
insert into comment (comment_id, post_id, content) values (691, 70, 'Aenean sit amet justo.');
insert into comment (comment_id, post_id, content) values (692, 70, 'Vestibulum ante ipsum primis in faucibus orci luctus et ultrices posuere cubilia Curae; Donec pharetra, magna vestibulum aliquet ultrices, erat tortor sollicitudin mi, sit amet lobortis sapien sapien non mi.');
insert into comment (comment_id, post_id, content) values (693, 70, 'Donec odio justo, sollicitudin ut, suscipit a, feugiat et, eros. Vestibulum ac est lacinia nisi venenatis tristique.');
insert into comment (comment_id, post_id, content) values (694, 70, 'Integer non velit. Donec diam neque, vestibulum eget, vulputate ut, ultrices vel, augue.');
insert into comment (comment_id, post_id, content) values (695, 70, 'Donec ut dolor.');
insert into comment (comment_id, post_id, content) values (696, 70, 'Donec ut mauris eget massa tempor convallis. Nulla neque libero, convallis eget, eleifend luctus, ultricies eu, nibh.');
insert into comment (comment_id, post_id, content) values (697, 70, 'Proin at turpis a pede posuere nonummy.');
insert into comment (comment_id, post_id, content) values (698, 70, 'Nulla mollis molestie lorem. Quisque ut erat.');
insert into comment (comment_id, post_id, content) values (699, 70, 'Vestibulum ac est lacinia nisi venenatis tristique. Fusce congue, diam id ornare imperdiet, sapien urna pretium nisl, ut volutpat sapien arcu sed augue.');
insert into comment (comment_id, post_id, content) values (700, 71, 'Praesent id massa id nisl venenatis lacinia. Aenean sit amet justo.');
insert into comment (comment_id, post_id, content) values (701, 71, 'In quis justo. Maecenas rhoncus aliquam lacus.');
insert into comment (comment_id, post_id, content) values (702, 71, 'Sed vel enim sit amet nunc viverra dapibus. Nulla suscipit ligula in lacus.');
insert into comment (comment_id, post_id, content) values (703, 71, 'Fusce lacus purus, aliquet at, feugiat non, pretium quis, lectus. Suspendisse potenti.');
insert into comment (comment_id, post_id, content) values (704, 71, 'In est risus, auctor sed, tristique in, tempus sit amet, sem. Fusce consequat.');
insert into comment (comment_id, post_id, content) values (705, 71, 'In hac habitasse platea dictumst.');
insert into comment (comment_id, post_id, content) values (706, 71, 'Nullam orci pede, venenatis non, sodales sed, tincidunt eu, felis.');
insert into comment (comment_id, post_id, content) values (707, 71, 'Mauris ullamcorper purus sit amet nulla. Quisque arcu libero, rutrum ac, lobortis vel, dapibus at, diam.');
insert into comment (comment_id, post_id, content) values (708, 71, 'Integer aliquet, massa id lobortis convallis, tortor risus dapibus augue, vel accumsan tellus nisi eu orci. Mauris lacinia sapien quis libero.');
insert into comment (comment_id, post_id, content) values (709, 71, 'Nulla mollis molestie lorem. Quisque ut erat.');
insert into comment (comment_id, post_id, content) values (710, 72, 'Pellentesque ultrices mattis odio. Donec vitae nisi.');
insert into comment (comment_id, post_id, content) values (711, 72, 'Duis bibendum.');
insert into comment (comment_id, post_id, content) values (712, 72, 'In sagittis dui vel nisl. Duis ac nibh.');
insert into comment (comment_id, post_id, content) values (713, 72, 'Donec posuere metus vitae ipsum. Aliquam non mauris.');
insert into comment (comment_id, post_id, content) values (714, 72, 'Duis at velit eu est congue elementum.');
insert into comment (comment_id, post_id, content) values (715, 72, 'Aenean lectus. Pellentesque eget nunc.');
insert into comment (comment_id, post_id, content) values (716, 72, 'Aenean lectus. Pellentesque eget nunc.');
insert into comment (comment_id, post_id, content) values (717, 72, 'Integer tincidunt ante vel ipsum.');
insert into comment (comment_id, post_id, content) values (718, 72, 'Nulla nisl.');
insert into comment (comment_id, post_id, content) values (719, 72, 'Etiam vel augue.');
insert into comment (comment_id, post_id, content) values (720, 73, 'Vestibulum ante ipsum primis in faucibus orci luctus et ultrices posuere cubilia Curae; Duis faucibus accumsan odio.');
insert into comment (comment_id, post_id, content) values (721, 73, 'Vivamus vestibulum sagittis sapien.');
insert into comment (comment_id, post_id, content) values (722, 73, 'Mauris sit amet eros.');
insert into comment (comment_id, post_id, content) values (723, 73, 'Ut tellus. Nulla ut erat id mauris vulputate elementum.');
insert into comment (comment_id, post_id, content) values (724, 73, 'Duis mattis egestas metus.');
insert into comment (comment_id, post_id, content) values (725, 73, 'In hac habitasse platea dictumst. Etiam faucibus cursus urna.');
insert into comment (comment_id, post_id, content) values (726, 73, 'Nulla ac enim. In tempor, turpis nec euismod scelerisque, quam turpis adipiscing lorem, vitae mattis nibh ligula nec sem.');
insert into comment (comment_id, post_id, content) values (727, 73, 'Suspendisse potenti.');
insert into comment (comment_id, post_id, content) values (728, 73, 'In tempor, turpis nec euismod scelerisque, quam turpis adipiscing lorem, vitae mattis nibh ligula nec sem.');
insert into comment (comment_id, post_id, content) values (729, 73, 'Cum sociis natoque penatibus et magnis dis parturient montes, nascetur ridiculus mus.');
insert into comment (comment_id, post_id, content) values (730, 74, 'Nullam varius.');
insert into comment (comment_id, post_id, content) values (731, 74, 'Nulla ut erat id mauris vulputate elementum. Nullam varius.');
insert into comment (comment_id, post_id, content) values (732, 74, 'In hac habitasse platea dictumst.');
insert into comment (comment_id, post_id, content) values (733, 74, 'Quisque erat eros, viverra eget, congue eget, semper rutrum, nulla. Nunc purus.');
insert into comment (comment_id, post_id, content) values (734, 74, 'Aliquam non mauris.');
insert into comment (comment_id, post_id, content) values (735, 74, 'Proin eu mi.');
insert into comment (comment_id, post_id, content) values (736, 74, 'Quisque ut erat. Curabitur gravida nisi at nibh.');
insert into comment (comment_id, post_id, content) values (737, 74, 'Duis at velit eu est congue elementum. In hac habitasse platea dictumst.');
insert into comment (comment_id, post_id, content) values (738, 74, 'Aliquam non mauris. Morbi non lectus.');
insert into comment (comment_id, post_id, content) values (739, 74, 'Sed sagittis.');
insert into comment (comment_id, post_id, content) values (740, 75, 'Praesent lectus.');
insert into comment (comment_id, post_id, content) values (741, 75, 'Lorem ipsum dolor sit amet, consectetuer adipiscing elit.');
insert into comment (comment_id, post_id, content) values (742, 75, 'In eleifend quam a odio.');
insert into comment (comment_id, post_id, content) values (743, 75, 'Vestibulum ante ipsum primis in faucibus orci luctus et ultrices posuere cubilia Curae; Donec pharetra, magna vestibulum aliquet ultrices, erat tortor sollicitudin mi, sit amet lobortis sapien sapien non mi.');
insert into comment (comment_id, post_id, content) values (744, 75, 'Nulla facilisi.');
insert into comment (comment_id, post_id, content) values (745, 75, 'Maecenas rhoncus aliquam lacus.');
insert into comment (comment_id, post_id, content) values (746, 75, 'Maecenas leo odio, condimentum id, luctus nec, molestie sed, justo. Pellentesque viverra pede ac diam.');
insert into comment (comment_id, post_id, content) values (747, 75, 'Morbi sem mauris, laoreet ut, rhoncus aliquet, pulvinar sed, nisl. Nunc rhoncus dui vel sem.');
insert into comment (comment_id, post_id, content) values (748, 75, 'In hac habitasse platea dictumst.');
insert into comment (comment_id, post_id, content) values (749, 75, 'Integer ac neque. Duis bibendum.');
insert into comment (comment_id, post_id, content) values (750, 76, 'Mauris enim leo, rhoncus sed, vestibulum sit amet, cursus id, turpis. Integer aliquet, massa id lobortis convallis, tortor risus dapibus augue, vel accumsan tellus nisi eu orci.');
insert into comment (comment_id, post_id, content) values (751, 76, 'In blandit ultrices enim.');
insert into comment (comment_id, post_id, content) values (752, 76, 'Nullam varius. Nulla facilisi.');
insert into comment (comment_id, post_id, content) values (753, 76, 'Mauris sit amet eros. Suspendisse accumsan tortor quis turpis.');
insert into comment (comment_id, post_id, content) values (754, 76, 'Nulla ac enim. In tempor, turpis nec euismod scelerisque, quam turpis adipiscing lorem, vitae mattis nibh ligula nec sem.');
insert into comment (comment_id, post_id, content) values (755, 76, 'In congue.');
insert into comment (comment_id, post_id, content) values (756, 76, 'Integer non velit.');
insert into comment (comment_id, post_id, content) values (757, 76, 'Maecenas ut massa quis augue luctus tincidunt.');
insert into comment (comment_id, post_id, content) values (758, 76, 'Phasellus id sapien in sapien iaculis congue.');
insert into comment (comment_id, post_id, content) values (759, 76, 'Vestibulum sed magna at nunc commodo placerat. Praesent blandit.');
insert into comment (comment_id, post_id, content) values (760, 77, 'Morbi vestibulum, velit id pretium iaculis, diam erat fermentum justo, nec condimentum neque sapien placerat ante.');
insert into comment (comment_id, post_id, content) values (761, 77, 'In hac habitasse platea dictumst.');
insert into comment (comment_id, post_id, content) values (762, 77, 'In hac habitasse platea dictumst. Maecenas ut massa quis augue luctus tincidunt.');
insert into comment (comment_id, post_id, content) values (763, 77, 'Cum sociis natoque penatibus et magnis dis parturient montes, nascetur ridiculus mus.');
insert into comment (comment_id, post_id, content) values (764, 77, 'Praesent blandit lacinia erat.');
insert into comment (comment_id, post_id, content) values (765, 77, 'Integer ac leo. Pellentesque ultrices mattis odio.');
insert into comment (comment_id, post_id, content) values (766, 77, 'Lorem ipsum dolor sit amet, consectetuer adipiscing elit. Proin interdum mauris non ligula pellentesque ultrices.');
insert into comment (comment_id, post_id, content) values (767, 77, 'Integer a nibh. In quis justo.');
insert into comment (comment_id, post_id, content) values (768, 77, 'In sagittis dui vel nisl. Duis ac nibh.');
insert into comment (comment_id, post_id, content) values (769, 77, 'Sed accumsan felis.');
insert into comment (comment_id, post_id, content) values (770, 78, 'Lorem ipsum dolor sit amet, consectetuer adipiscing elit. Proin risus.');
insert into comment (comment_id, post_id, content) values (771, 78, 'Curabitur convallis.');
insert into comment (comment_id, post_id, content) values (772, 78, 'Curabitur at ipsum ac tellus semper interdum.');
insert into comment (comment_id, post_id, content) values (773, 78, 'Vestibulum rutrum rutrum neque.');
insert into comment (comment_id, post_id, content) values (774, 78, 'Donec posuere metus vitae ipsum.');
insert into comment (comment_id, post_id, content) values (775, 78, 'Aenean fermentum. Donec ut mauris eget massa tempor convallis.');
insert into comment (comment_id, post_id, content) values (776, 78, 'Integer ac neque. Duis bibendum.');
insert into comment (comment_id, post_id, content) values (777, 78, 'Quisque ut erat. Curabitur gravida nisi at nibh.');
insert into comment (comment_id, post_id, content) values (778, 78, 'Sed accumsan felis.');
insert into comment (comment_id, post_id, content) values (779, 78, 'Integer ac leo.');
insert into comment (comment_id, post_id, content) values (780, 79, 'Etiam vel augue. Vestibulum rutrum rutrum neque.');
insert into comment (comment_id, post_id, content) values (781, 79, 'In blandit ultrices enim. Lorem ipsum dolor sit amet, consectetuer adipiscing elit.');
insert into comment (comment_id, post_id, content) values (782, 79, 'Donec dapibus.');
insert into comment (comment_id, post_id, content) values (783, 79, 'Donec vitae nisi. Nam ultrices, libero non mattis pulvinar, nulla pede ullamcorper augue, a suscipit nulla elit ac nulla.');
insert into comment (comment_id, post_id, content) values (784, 79, 'Donec dapibus.');
insert into comment (comment_id, post_id, content) values (785, 79, 'Nam congue, risus semper porta volutpat, quam pede lobortis ligula, sit amet eleifend pede libero quis orci.');
insert into comment (comment_id, post_id, content) values (786, 79, 'Praesent blandit.');
insert into comment (comment_id, post_id, content) values (787, 79, 'Cum sociis natoque penatibus et magnis dis parturient montes, nascetur ridiculus mus. Vivamus vestibulum sagittis sapien.');
insert into comment (comment_id, post_id, content) values (788, 79, 'Morbi vestibulum, velit id pretium iaculis, diam erat fermentum justo, nec condimentum neque sapien placerat ante. Nulla justo.');
insert into comment (comment_id, post_id, content) values (789, 79, 'Nulla neque libero, convallis eget, eleifend luctus, ultricies eu, nibh.');
insert into comment (comment_id, post_id, content) values (790, 80, 'Proin eu mi. Nulla ac enim.');
insert into comment (comment_id, post_id, content) values (791, 80, 'Integer pede justo, lacinia eget, tincidunt eget, tempus vel, pede. Morbi porttitor lorem id ligula.');
insert into comment (comment_id, post_id, content) values (792, 80, 'In blandit ultrices enim.');
insert into comment (comment_id, post_id, content) values (793, 80, 'Integer a nibh.');
insert into comment (comment_id, post_id, content) values (794, 80, 'Quisque id justo sit amet sapien dignissim vestibulum. Vestibulum ante ipsum primis in faucibus orci luctus et ultrices posuere cubilia Curae; Nulla dapibus dolor vel est.');
insert into comment (comment_id, post_id, content) values (795, 80, 'Phasellus in felis. Donec semper sapien a libero.');
insert into comment (comment_id, post_id, content) values (796, 80, 'Fusce lacus purus, aliquet at, feugiat non, pretium quis, lectus. Suspendisse potenti.');
insert into comment (comment_id, post_id, content) values (797, 80, 'Pellentesque at nulla. Suspendisse potenti.');
insert into comment (comment_id, post_id, content) values (798, 80, 'In hac habitasse platea dictumst.');
insert into comment (comment_id, post_id, content) values (799, 80, 'Quisque arcu libero, rutrum ac, lobortis vel, dapibus at, diam.');
insert into comment (comment_id, post_id, content) values (800, 81, 'Pellentesque at nulla.');
insert into comment (comment_id, post_id, content) values (801, 81, 'Nullam sit amet turpis elementum ligula vehicula consequat.');
insert into comment (comment_id, post_id, content) values (802, 81, 'Vestibulum sed magna at nunc commodo placerat.');
insert into comment (comment_id, post_id, content) values (803, 81, 'Nullam molestie nibh in lectus.');
insert into comment (comment_id, post_id, content) values (804, 81, 'Vestibulum ante ipsum primis in faucibus orci luctus et ultrices posuere cubilia Curae; Mauris viverra diam vitae quam. Suspendisse potenti.');
insert into comment (comment_id, post_id, content) values (805, 81, 'Mauris ullamcorper purus sit amet nulla. Quisque arcu libero, rutrum ac, lobortis vel, dapibus at, diam.');
insert into comment (comment_id, post_id, content) values (806, 81, 'Proin leo odio, porttitor id, consequat in, consequat ut, nulla.');
insert into comment (comment_id, post_id, content) values (807, 81, 'Integer ac neque.');
insert into comment (comment_id, post_id, content) values (808, 81, 'Curabitur convallis. Duis consequat dui nec nisi volutpat eleifend.');
insert into comment (comment_id, post_id, content) values (809, 81, 'Integer aliquet, massa id lobortis convallis, tortor risus dapibus augue, vel accumsan tellus nisi eu orci.');
insert into comment (comment_id, post_id, content) values (810, 82, 'Morbi ut odio.');
insert into comment (comment_id, post_id, content) values (811, 82, 'Vestibulum rutrum rutrum neque.');
insert into comment (comment_id, post_id, content) values (812, 82, 'Nullam varius.');
insert into comment (comment_id, post_id, content) values (813, 82, 'Vivamus tortor. Duis mattis egestas metus.');
insert into comment (comment_id, post_id, content) values (814, 82, 'Mauris lacinia sapien quis libero. Nullam sit amet turpis elementum ligula vehicula consequat.');
insert into comment (comment_id, post_id, content) values (815, 82, 'Donec posuere metus vitae ipsum.');
insert into comment (comment_id, post_id, content) values (816, 82, 'Aenean lectus. Pellentesque eget nunc.');
insert into comment (comment_id, post_id, content) values (817, 82, 'Quisque erat eros, viverra eget, congue eget, semper rutrum, nulla.');
insert into comment (comment_id, post_id, content) values (818, 82, 'Nunc rhoncus dui vel sem. Sed sagittis.');
insert into comment (comment_id, post_id, content) values (819, 82, 'Morbi vestibulum, velit id pretium iaculis, diam erat fermentum justo, nec condimentum neque sapien placerat ante.');
insert into comment (comment_id, post_id, content) values (820, 83, 'Proin interdum mauris non ligula pellentesque ultrices. Phasellus id sapien in sapien iaculis congue.');
insert into comment (comment_id, post_id, content) values (821, 83, 'Curabitur gravida nisi at nibh.');
insert into comment (comment_id, post_id, content) values (822, 83, 'Proin eu mi. Nulla ac enim.');
insert into comment (comment_id, post_id, content) values (823, 83, 'Mauris enim leo, rhoncus sed, vestibulum sit amet, cursus id, turpis. Integer aliquet, massa id lobortis convallis, tortor risus dapibus augue, vel accumsan tellus nisi eu orci.');
insert into comment (comment_id, post_id, content) values (824, 83, 'Duis mattis egestas metus.');
insert into comment (comment_id, post_id, content) values (825, 83, 'Morbi ut odio.');
insert into comment (comment_id, post_id, content) values (826, 83, 'Integer ac neque. Duis bibendum.');
insert into comment (comment_id, post_id, content) values (827, 83, 'Donec odio justo, sollicitudin ut, suscipit a, feugiat et, eros.');
insert into comment (comment_id, post_id, content) values (828, 83, 'Nunc rhoncus dui vel sem. Sed sagittis.');
insert into comment (comment_id, post_id, content) values (829, 83, 'Proin interdum mauris non ligula pellentesque ultrices. Phasellus id sapien in sapien iaculis congue.');
insert into comment (comment_id, post_id, content) values (830, 84, 'Morbi ut odio. Cras mi pede, malesuada in, imperdiet et, commodo vulputate, justo.');
insert into comment (comment_id, post_id, content) values (831, 84, 'Nullam porttitor lacus at turpis.');
insert into comment (comment_id, post_id, content) values (832, 84, 'Vestibulum sed magna at nunc commodo placerat. Praesent blandit.');
insert into comment (comment_id, post_id, content) values (833, 84, 'Praesent lectus. Vestibulum quam sapien, varius ut, blandit non, interdum in, ante.');
insert into comment (comment_id, post_id, content) values (834, 84, 'Duis consequat dui nec nisi volutpat eleifend.');
insert into comment (comment_id, post_id, content) values (835, 84, 'Morbi porttitor lorem id ligula.');
insert into comment (comment_id, post_id, content) values (836, 84, 'Vivamus metus arcu, adipiscing molestie, hendrerit at, vulputate vitae, nisl. Aenean lectus.');
insert into comment (comment_id, post_id, content) values (837, 84, 'Nulla mollis molestie lorem. Quisque ut erat.');
insert into comment (comment_id, post_id, content) values (838, 84, 'Nullam orci pede, venenatis non, sodales sed, tincidunt eu, felis. Fusce posuere felis sed lacus.');
insert into comment (comment_id, post_id, content) values (839, 84, 'Morbi quis tortor id nulla ultrices aliquet. Maecenas leo odio, condimentum id, luctus nec, molestie sed, justo.');
insert into comment (comment_id, post_id, content) values (840, 85, 'Sed accumsan felis. Ut at dolor quis odio consequat varius.');
insert into comment (comment_id, post_id, content) values (841, 85, 'Mauris lacinia sapien quis libero. Nullam sit amet turpis elementum ligula vehicula consequat.');
insert into comment (comment_id, post_id, content) values (842, 85, 'Pellentesque ultrices mattis odio.');
insert into comment (comment_id, post_id, content) values (843, 85, 'In hac habitasse platea dictumst.');
insert into comment (comment_id, post_id, content) values (844, 85, 'Nunc rhoncus dui vel sem. Sed sagittis.');
insert into comment (comment_id, post_id, content) values (845, 85, 'Nam tristique tortor eu pede.');
insert into comment (comment_id, post_id, content) values (846, 85, 'Ut tellus.');
insert into comment (comment_id, post_id, content) values (847, 85, 'Praesent blandit lacinia erat.');
insert into comment (comment_id, post_id, content) values (848, 85, 'Nulla tellus.');
insert into comment (comment_id, post_id, content) values (849, 85, 'Donec vitae nisi. Nam ultrices, libero non mattis pulvinar, nulla pede ullamcorper augue, a suscipit nulla elit ac nulla.');
insert into comment (comment_id, post_id, content) values (850, 86, 'Cum sociis natoque penatibus et magnis dis parturient montes, nascetur ridiculus mus. Vivamus vestibulum sagittis sapien.');
insert into comment (comment_id, post_id, content) values (851, 86, 'Pellentesque viverra pede ac diam.');
insert into comment (comment_id, post_id, content) values (852, 86, 'In blandit ultrices enim.');
insert into comment (comment_id, post_id, content) values (853, 86, 'Integer ac neque.');
insert into comment (comment_id, post_id, content) values (854, 86, 'Donec diam neque, vestibulum eget, vulputate ut, ultrices vel, augue.');
insert into comment (comment_id, post_id, content) values (855, 86, 'Vestibulum rutrum rutrum neque. Aenean auctor gravida sem.');
insert into comment (comment_id, post_id, content) values (856, 86, 'Nunc rhoncus dui vel sem. Sed sagittis.');
insert into comment (comment_id, post_id, content) values (857, 86, 'Quisque arcu libero, rutrum ac, lobortis vel, dapibus at, diam.');
insert into comment (comment_id, post_id, content) values (858, 86, 'Morbi porttitor lorem id ligula.');
insert into comment (comment_id, post_id, content) values (859, 86, 'Duis aliquam convallis nunc.');
insert into comment (comment_id, post_id, content) values (860, 87, 'Nulla ut erat id mauris vulputate elementum.');
insert into comment (comment_id, post_id, content) values (861, 87, 'Etiam vel augue.');
insert into comment (comment_id, post_id, content) values (862, 87, 'Maecenas pulvinar lobortis est.');
insert into comment (comment_id, post_id, content) values (863, 87, 'Donec ut mauris eget massa tempor convallis.');
insert into comment (comment_id, post_id, content) values (864, 87, 'Vestibulum quam sapien, varius ut, blandit non, interdum in, ante. Vestibulum ante ipsum primis in faucibus orci luctus et ultrices posuere cubilia Curae; Duis faucibus accumsan odio.');
insert into comment (comment_id, post_id, content) values (865, 87, 'Vestibulum ac est lacinia nisi venenatis tristique. Fusce congue, diam id ornare imperdiet, sapien urna pretium nisl, ut volutpat sapien arcu sed augue.');
insert into comment (comment_id, post_id, content) values (866, 87, 'Duis consequat dui nec nisi volutpat eleifend. Donec ut dolor.');
insert into comment (comment_id, post_id, content) values (867, 87, 'Proin risus. Praesent lectus.');
insert into comment (comment_id, post_id, content) values (868, 87, 'In hac habitasse platea dictumst.');
insert into comment (comment_id, post_id, content) values (869, 87, 'Etiam justo. Etiam pretium iaculis justo.');
insert into comment (comment_id, post_id, content) values (870, 88, 'Vestibulum quam sapien, varius ut, blandit non, interdum in, ante.');
insert into comment (comment_id, post_id, content) values (871, 88, 'Maecenas pulvinar lobortis est.');
insert into comment (comment_id, post_id, content) values (872, 88, 'In est risus, auctor sed, tristique in, tempus sit amet, sem. Fusce consequat.');
insert into comment (comment_id, post_id, content) values (873, 88, 'Donec diam neque, vestibulum eget, vulputate ut, ultrices vel, augue.');
insert into comment (comment_id, post_id, content) values (874, 88, 'Nulla ac enim.');
insert into comment (comment_id, post_id, content) values (875, 88, 'Pellentesque eget nunc. Donec quis orci eget orci vehicula condimentum.');
insert into comment (comment_id, post_id, content) values (876, 88, 'Praesent blandit. Nam nulla.');
insert into comment (comment_id, post_id, content) values (877, 88, 'Etiam pretium iaculis justo. In hac habitasse platea dictumst.');
insert into comment (comment_id, post_id, content) values (878, 88, 'Curabitur in libero ut massa volutpat convallis.');
insert into comment (comment_id, post_id, content) values (879, 88, 'Pellentesque eget nunc.');
insert into comment (comment_id, post_id, content) values (880, 89, 'Pellentesque eget nunc.');
insert into comment (comment_id, post_id, content) values (881, 89, 'Maecenas leo odio, condimentum id, luctus nec, molestie sed, justo. Pellentesque viverra pede ac diam.');
insert into comment (comment_id, post_id, content) values (882, 89, 'Vestibulum ac est lacinia nisi venenatis tristique. Fusce congue, diam id ornare imperdiet, sapien urna pretium nisl, ut volutpat sapien arcu sed augue.');
insert into comment (comment_id, post_id, content) values (883, 89, 'Duis aliquam convallis nunc. Proin at turpis a pede posuere nonummy.');
insert into comment (comment_id, post_id, content) values (884, 89, 'Duis bibendum. Morbi non quam nec dui luctus rutrum.');
insert into comment (comment_id, post_id, content) values (885, 89, 'Maecenas pulvinar lobortis est.');
insert into comment (comment_id, post_id, content) values (886, 89, 'Donec ut mauris eget massa tempor convallis.');
insert into comment (comment_id, post_id, content) values (887, 89, 'Curabitur convallis.');
insert into comment (comment_id, post_id, content) values (888, 89, 'Aliquam sit amet diam in magna bibendum imperdiet.');
insert into comment (comment_id, post_id, content) values (889, 89, 'Aenean lectus.');
insert into comment (comment_id, post_id, content) values (890, 90, 'In hac habitasse platea dictumst. Etiam faucibus cursus urna.');
insert into comment (comment_id, post_id, content) values (891, 90, 'Donec dapibus. Duis at velit eu est congue elementum.');
insert into comment (comment_id, post_id, content) values (892, 90, 'Mauris lacinia sapien quis libero.');
insert into comment (comment_id, post_id, content) values (893, 90, 'Integer ac leo.');
insert into comment (comment_id, post_id, content) values (894, 90, 'Duis aliquam convallis nunc.');
insert into comment (comment_id, post_id, content) values (895, 90, 'Integer a nibh. In quis justo.');
insert into comment (comment_id, post_id, content) values (896, 90, 'Etiam faucibus cursus urna. Ut tellus.');
insert into comment (comment_id, post_id, content) values (897, 90, 'Sed vel enim sit amet nunc viverra dapibus. Nulla suscipit ligula in lacus.');
insert into comment (comment_id, post_id, content) values (898, 90, 'Vestibulum ante ipsum primis in faucibus orci luctus et ultrices posuere cubilia Curae; Nulla dapibus dolor vel est.');
insert into comment (comment_id, post_id, content) values (899, 90, 'Morbi vel lectus in quam fringilla rhoncus.');
insert into comment (comment_id, post_id, content) values (900, 91, 'Maecenas leo odio, condimentum id, luctus nec, molestie sed, justo. Pellentesque viverra pede ac diam.');
insert into comment (comment_id, post_id, content) values (901, 91, 'Quisque erat eros, viverra eget, congue eget, semper rutrum, nulla.');
insert into comment (comment_id, post_id, content) values (902, 91, 'In eleifend quam a odio. In hac habitasse platea dictumst.');
insert into comment (comment_id, post_id, content) values (903, 91, 'Etiam pretium iaculis justo.');
insert into comment (comment_id, post_id, content) values (904, 91, 'Integer pede justo, lacinia eget, tincidunt eget, tempus vel, pede.');
insert into comment (comment_id, post_id, content) values (905, 91, 'Nunc nisl.');
insert into comment (comment_id, post_id, content) values (906, 91, 'Donec diam neque, vestibulum eget, vulputate ut, ultrices vel, augue. Vestibulum ante ipsum primis in faucibus orci luctus et ultrices posuere cubilia Curae; Donec pharetra, magna vestibulum aliquet ultrices, erat tortor sollicitudin mi, sit amet lobortis sapien sapien non mi.');
insert into comment (comment_id, post_id, content) values (907, 91, 'Fusce congue, diam id ornare imperdiet, sapien urna pretium nisl, ut volutpat sapien arcu sed augue.');
insert into comment (comment_id, post_id, content) values (908, 91, 'Morbi ut odio. Cras mi pede, malesuada in, imperdiet et, commodo vulputate, justo.');
insert into comment (comment_id, post_id, content) values (909, 91, 'In eleifend quam a odio.');
insert into comment (comment_id, post_id, content) values (910, 92, 'Suspendisse potenti. In eleifend quam a odio.');
insert into comment (comment_id, post_id, content) values (911, 92, 'Aenean sit amet justo. Morbi ut odio.');
insert into comment (comment_id, post_id, content) values (912, 92, 'Integer ac neque. Duis bibendum.');
insert into comment (comment_id, post_id, content) values (913, 92, 'Duis at velit eu est congue elementum.');
insert into comment (comment_id, post_id, content) values (914, 92, 'Phasellus sit amet erat. Nulla tempus.');
insert into comment (comment_id, post_id, content) values (915, 92, 'Praesent blandit.');
insert into comment (comment_id, post_id, content) values (916, 92, 'Vivamus tortor.');
insert into comment (comment_id, post_id, content) values (917, 92, 'Duis bibendum.');
insert into comment (comment_id, post_id, content) values (918, 92, 'Proin eu mi.');
insert into comment (comment_id, post_id, content) values (919, 92, 'Pellentesque eget nunc.');
insert into comment (comment_id, post_id, content) values (920, 93, 'Nam ultrices, libero non mattis pulvinar, nulla pede ullamcorper augue, a suscipit nulla elit ac nulla. Sed vel enim sit amet nunc viverra dapibus.');
insert into comment (comment_id, post_id, content) values (921, 93, 'Mauris enim leo, rhoncus sed, vestibulum sit amet, cursus id, turpis. Integer aliquet, massa id lobortis convallis, tortor risus dapibus augue, vel accumsan tellus nisi eu orci.');
insert into comment (comment_id, post_id, content) values (922, 93, 'Donec ut dolor. Morbi vel lectus in quam fringilla rhoncus.');
insert into comment (comment_id, post_id, content) values (923, 93, 'Aliquam non mauris.');
insert into comment (comment_id, post_id, content) values (924, 93, 'Proin risus. Praesent lectus.');
insert into comment (comment_id, post_id, content) values (925, 93, 'In est risus, auctor sed, tristique in, tempus sit amet, sem.');
insert into comment (comment_id, post_id, content) values (926, 93, 'Donec odio justo, sollicitudin ut, suscipit a, feugiat et, eros. Vestibulum ac est lacinia nisi venenatis tristique.');
insert into comment (comment_id, post_id, content) values (927, 93, 'Maecenas rhoncus aliquam lacus.');
insert into comment (comment_id, post_id, content) values (928, 93, 'Quisque ut erat. Curabitur gravida nisi at nibh.');
insert into comment (comment_id, post_id, content) values (929, 93, 'In hac habitasse platea dictumst. Aliquam augue quam, sollicitudin vitae, consectetuer eget, rutrum at, lorem.');
insert into comment (comment_id, post_id, content) values (930, 94, 'Nulla tellus.');
insert into comment (comment_id, post_id, content) values (931, 94, 'Morbi vestibulum, velit id pretium iaculis, diam erat fermentum justo, nec condimentum neque sapien placerat ante.');
insert into comment (comment_id, post_id, content) values (932, 94, 'Integer pede justo, lacinia eget, tincidunt eget, tempus vel, pede.');
insert into comment (comment_id, post_id, content) values (933, 94, 'Vestibulum ante ipsum primis in faucibus orci luctus et ultrices posuere cubilia Curae; Nulla dapibus dolor vel est. Donec odio justo, sollicitudin ut, suscipit a, feugiat et, eros.');
insert into comment (comment_id, post_id, content) values (934, 94, 'Nulla suscipit ligula in lacus.');
insert into comment (comment_id, post_id, content) values (935, 94, 'Morbi non lectus.');
insert into comment (comment_id, post_id, content) values (936, 94, 'Morbi vestibulum, velit id pretium iaculis, diam erat fermentum justo, nec condimentum neque sapien placerat ante.');
insert into comment (comment_id, post_id, content) values (937, 94, 'Morbi vestibulum, velit id pretium iaculis, diam erat fermentum justo, nec condimentum neque sapien placerat ante.');
insert into comment (comment_id, post_id, content) values (938, 94, 'Suspendisse ornare consequat lectus.');
insert into comment (comment_id, post_id, content) values (939, 94, 'Nullam sit amet turpis elementum ligula vehicula consequat.');
insert into comment (comment_id, post_id, content) values (940, 95, 'Integer aliquet, massa id lobortis convallis, tortor risus dapibus augue, vel accumsan tellus nisi eu orci. Mauris lacinia sapien quis libero.');
insert into comment (comment_id, post_id, content) values (941, 95, 'Morbi porttitor lorem id ligula.');
insert into comment (comment_id, post_id, content) values (942, 95, 'Morbi vestibulum, velit id pretium iaculis, diam erat fermentum justo, nec condimentum neque sapien placerat ante.');
insert into comment (comment_id, post_id, content) values (943, 95, 'Vestibulum ante ipsum primis in faucibus orci luctus et ultrices posuere cubilia Curae; Nulla dapibus dolor vel est. Donec odio justo, sollicitudin ut, suscipit a, feugiat et, eros.');
insert into comment (comment_id, post_id, content) values (944, 95, 'Nunc rhoncus dui vel sem. Sed sagittis.');
insert into comment (comment_id, post_id, content) values (945, 95, 'Nunc rhoncus dui vel sem.');
insert into comment (comment_id, post_id, content) values (946, 95, 'Ut tellus.');
insert into comment (comment_id, post_id, content) values (947, 95, 'Aliquam quis turpis eget elit sodales scelerisque. Mauris sit amet eros.');
insert into comment (comment_id, post_id, content) values (948, 95, 'Aliquam quis turpis eget elit sodales scelerisque. Mauris sit amet eros.');
insert into comment (comment_id, post_id, content) values (949, 95, 'Aenean lectus. Pellentesque eget nunc.');
insert into comment (comment_id, post_id, content) values (950, 96, 'Duis ac nibh. Fusce lacus purus, aliquet at, feugiat non, pretium quis, lectus.');
insert into comment (comment_id, post_id, content) values (951, 96, 'Nulla suscipit ligula in lacus.');
insert into comment (comment_id, post_id, content) values (952, 96, 'Curabitur convallis. Duis consequat dui nec nisi volutpat eleifend.');
insert into comment (comment_id, post_id, content) values (953, 96, 'Integer a nibh. In quis justo.');
insert into comment (comment_id, post_id, content) values (954, 96, 'In quis justo.');
insert into comment (comment_id, post_id, content) values (955, 96, 'Donec ut mauris eget massa tempor convallis. Nulla neque libero, convallis eget, eleifend luctus, ultricies eu, nibh.');
insert into comment (comment_id, post_id, content) values (956, 96, 'Suspendisse potenti. Cras in purus eu magna vulputate luctus.');
insert into comment (comment_id, post_id, content) values (957, 96, 'Morbi porttitor lorem id ligula. Suspendisse ornare consequat lectus.');
insert into comment (comment_id, post_id, content) values (958, 96, 'Etiam vel augue.');
insert into comment (comment_id, post_id, content) values (959, 96, 'Nulla facilisi. Cras non velit nec nisi vulputate nonummy.');
insert into comment (comment_id, post_id, content) values (960, 97, 'Vestibulum rutrum rutrum neque. Aenean auctor gravida sem.');
insert into comment (comment_id, post_id, content) values (961, 97, 'Ut at dolor quis odio consequat varius. Integer ac leo.');
insert into comment (comment_id, post_id, content) values (962, 97, 'Etiam faucibus cursus urna.');
insert into comment (comment_id, post_id, content) values (963, 97, 'Suspendisse potenti.');
insert into comment (comment_id, post_id, content) values (964, 97, 'Duis mattis egestas metus. Aenean fermentum.');
insert into comment (comment_id, post_id, content) values (965, 97, 'Nunc rhoncus dui vel sem. Sed sagittis.');
insert into comment (comment_id, post_id, content) values (966, 97, 'Sed vel enim sit amet nunc viverra dapibus. Nulla suscipit ligula in lacus.');
insert into comment (comment_id, post_id, content) values (967, 97, 'Vivamus tortor.');
insert into comment (comment_id, post_id, content) values (968, 97, 'Aliquam augue quam, sollicitudin vitae, consectetuer eget, rutrum at, lorem. Integer tincidunt ante vel ipsum.');
insert into comment (comment_id, post_id, content) values (969, 97, 'Fusce consequat.');
insert into comment (comment_id, post_id, content) values (970, 98, 'In est risus, auctor sed, tristique in, tempus sit amet, sem. Fusce consequat.');
insert into comment (comment_id, post_id, content) values (971, 98, 'In hac habitasse platea dictumst.');
insert into comment (comment_id, post_id, content) values (972, 98, 'Integer tincidunt ante vel ipsum. Praesent blandit lacinia erat.');
insert into comment (comment_id, post_id, content) values (973, 98, 'Integer ac leo.');
insert into comment (comment_id, post_id, content) values (974, 98, 'Lorem ipsum dolor sit amet, consectetuer adipiscing elit. Proin interdum mauris non ligula pellentesque ultrices.');
insert into comment (comment_id, post_id, content) values (975, 98, 'Ut at dolor quis odio consequat varius.');
insert into comment (comment_id, post_id, content) values (976, 98, 'Donec ut dolor. Morbi vel lectus in quam fringilla rhoncus.');
insert into comment (comment_id, post_id, content) values (977, 98, 'Nulla mollis molestie lorem. Quisque ut erat.');
insert into comment (comment_id, post_id, content) values (978, 98, 'Vivamus metus arcu, adipiscing molestie, hendrerit at, vulputate vitae, nisl.');
insert into comment (comment_id, post_id, content) values (979, 98, 'Suspendisse potenti.');
insert into comment (comment_id, post_id, content) values (980, 99, 'Duis consequat dui nec nisi volutpat eleifend.');
insert into comment (comment_id, post_id, content) values (981, 99, 'Vestibulum ante ipsum primis in faucibus orci luctus et ultrices posuere cubilia Curae; Duis faucibus accumsan odio. Curabitur convallis.');
insert into comment (comment_id, post_id, content) values (982, 99, 'Quisque id justo sit amet sapien dignissim vestibulum. Vestibulum ante ipsum primis in faucibus orci luctus et ultrices posuere cubilia Curae; Nulla dapibus dolor vel est.');
insert into comment (comment_id, post_id, content) values (983, 99, 'Maecenas ut massa quis augue luctus tincidunt. Nulla mollis molestie lorem.');
insert into comment (comment_id, post_id, content) values (984, 99, 'Curabitur at ipsum ac tellus semper interdum.');
insert into comment (comment_id, post_id, content) values (985, 99, 'Etiam faucibus cursus urna. Ut tellus.');
insert into comment (comment_id, post_id, content) values (986, 99, 'Sed sagittis. Nam congue, risus semper porta volutpat, quam pede lobortis ligula, sit amet eleifend pede libero quis orci.');
insert into comment (comment_id, post_id, content) values (987, 99, 'Vivamus vel nulla eget eros elementum pellentesque.');
insert into comment (comment_id, post_id, content) values (988, 99, 'Duis aliquam convallis nunc.');
insert into comment (comment_id, post_id, content) values (989, 99, 'Curabitur at ipsum ac tellus semper interdum.');


