-- use totalhubsite;

insert into member (member_id, email, password, nickname, phone_number, role) values (1, 'test@mail.com', '$2a$10$uUm9vtHyvUEFeLdTuF1S6e1v6FfTB5mjmsoVBkffz6COLk', 'aaa', '000-0000-0000', 0);

insert into board (board_id, member_id, name, description) values (1, 1, 'Newton Lynds', 'Aliquam quis turpis eget elit sodales scelerisque.');
insert into board (board_id, member_id, name, description) values (2, 1, 'Bert Oriel', 'Nulla ac enim.');
insert into board (board_id, member_id, name, description) values (3, 1, 'Guglielma Abrey', 'Nam dui.');
insert into board (board_id, member_id, name, description) values (4, 1, 'Hana Bartoszewski', 'Aenean fermentum.');
insert into board (board_id, member_id, name, description) values (5, 1, 'Amabel Rainton', 'Integer a nibh.');
insert into board (board_id, member_id, name, description) values (6, 1, 'Mathias Mooreed', 'Vivamus metus arcu, adipiscing molestie, hendrerit at, vulputate vitae, nisl.');
insert into board (board_id, member_id, name, description) values (7, 1, 'Nina Marcinkowski', 'In quis justo.');
insert into board (board_id, member_id, name, description) values (8, 1, 'Duffie Cluney', 'Aenean sit amet justo.');
insert into board (board_id, member_id, name, description) values (9, 1, 'Cassaundra Osgood', 'Sed vel enim sit amet nunc viverra dapibus.');
insert into board (board_id, member_id, name, description) values (10, 1, 'Jackie Newlin', 'Donec diam neque, vestibulum eget, vulputate ut, ultrices vel, augue.');

insert into post (post_id, member_id, board_id, title, content) values (1, 1, 1, 'ac enim in', 'dictumst etiam faucibus cursus urna ut tellus nulla ut erat id mauris vulputate elementum nullam varius nulla facilisi cras non velit nec nisi vulputate nonummy maecenas tincidunt lacus at velit vivamus vel nulla eget eros elementum pellentesque quisque porta volutpat erat quisque erat eros viverra eget congue eget semper rutrum nulla nunc purus phasellus in felis donec semper sapien a libero nam dui proin leo odio porttitor id consequat in consequat ut nulla sed accumsan felis ut at dolor quis odio');
insert into post (post_id, member_id, board_id, title, content) values (2, 1, 1, 'cras', 'donec dapibus duis at velit eu est congue elementum in hac habitasse platea dictumst morbi vestibulum velit id pretium iaculis diam erat fermentum justo nec condimentum neque sapien placerat ante nulla justo aliquam quis turpis eget elit sodales scelerisque mauris sit amet eros suspendisse accumsan tortor quis turpis sed ante vivamus tortor duis mattis egestas metus aenean fermentum donec ut');
insert into post (post_id, member_id, board_id, title, content) values (3, 1, 1, 'ipsum praesent blandit', 'aliquet maecenas leo odio condimentum id luctus nec molestie sed justo pellentesque viverra pede ac diam cras pellentesque volutpat');
insert into post (post_id, member_id, board_id, title, content) values (4, 1, 1, 'aliquam quis', 'consequat in consequat ut nulla sed accumsan felis ut at dolor quis odio consequat varius integer ac leo pellentesque ultrices mattis odio donec vitae nisi nam ultrices libero non mattis pulvinar nulla pede ullamcorper augue a suscipit nulla elit ac nulla sed vel enim sit amet nunc viverra dapibus nulla suscipit ligula in lacus curabitur at ipsum ac tellus semper interdum mauris ullamcorper purus sit amet nulla quisque arcu libero rutrum ac lobortis vel');
insert into post (post_id, member_id, board_id, title, content) values (5, 1, 1, 'odio porttitor id', 'eget vulputate ut ultrices vel augue vestibulum ante ipsum primis in faucibus orci luctus et ultrices posuere cubilia curae donec');
insert into post (post_id, member_id, board_id, title, content) values (6, 1, 1, 'quam nec dui', 'sed nisl nunc rhoncus dui vel sem sed sagittis nam congue risus semper porta volutpat quam pede lobortis ligula sit amet eleifend pede libero quis orci nullam molestie nibh in lectus pellentesque at nulla suspendisse potenti cras in purus eu magna vulputate luctus cum sociis natoque penatibus et magnis dis parturient montes nascetur ridiculus mus vivamus vestibulum sagittis sapien cum sociis natoque penatibus et magnis dis parturient montes nascetur ridiculus mus etiam vel augue vestibulum rutrum rutrum neque aenean auctor gravida sem praesent id');
insert into post (post_id, member_id, board_id, title, content) values (7, 1, 1, 'vestibulum quam sapien', 'cursus vestibulum proin eu mi nulla ac enim in tempor turpis nec euismod scelerisque quam turpis adipiscing lorem vitae mattis nibh ligula nec sem duis aliquam convallis nunc proin at turpis a pede posuere nonummy integer non velit donec diam neque vestibulum eget vulputate ut ultrices vel augue vestibulum ante ipsum primis in faucibus orci luctus');
insert into post (post_id, member_id, board_id, title, content) values (8, 1, 1, 'nisl', 'magna bibendum imperdiet nullam orci pede venenatis non sodales sed tincidunt eu felis fusce posuere felis sed lacus morbi sem mauris laoreet ut rhoncus aliquet pulvinar sed nisl nunc rhoncus dui vel sem sed sagittis nam congue risus semper porta volutpat quam pede lobortis ligula sit amet eleifend pede libero quis orci nullam molestie nibh in lectus pellentesque at nulla suspendisse potenti cras in');
insert into post (post_id, member_id, board_id, title, content) values (9, 1, 1, 'cubilia curae', 'volutpat erat quisque erat eros viverra eget congue eget semper rutrum nulla nunc purus phasellus in felis donec semper sapien a libero nam dui proin leo odio porttitor id consequat in consequat ut nulla sed accumsan felis ut at dolor quis odio consequat varius integer ac leo pellentesque ultrices mattis odio donec vitae nisi nam ultrices libero non mattis pulvinar nulla pede ullamcorper augue a suscipit nulla elit ac nulla sed vel enim sit amet nunc viverra dapibus nulla suscipit ligula in lacus curabitur at ipsum ac');
insert into post (post_id, member_id, board_id, title, content) values (10, 1, 2, 'mi integer ac', 'ornare consequat lectus in est risus auctor sed tristique in tempus sit amet sem fusce consequat nulla nisl nunc nisl duis bibendum felis sed interdum venenatis turpis enim blandit mi in porttitor pede justo eu massa donec dapibus duis at velit eu est');
insert into post (post_id, member_id, board_id, title, content) values (11, 1, 2, 'praesent lectus', 'suscipit nulla elit ac nulla sed vel enim sit amet nunc viverra dapibus nulla suscipit ligula in lacus curabitur at ipsum ac tellus semper interdum mauris ullamcorper purus sit amet nulla quisque');
insert into post (post_id, member_id, board_id, title, content) values (12, 1, 2, 'nisl duis', 'vestibulum ante ipsum primis in faucibus orci luctus et ultrices posuere cubilia curae donec pharetra magna vestibulum aliquet ultrices erat tortor');
insert into post (post_id, member_id, board_id, title, content) values (13, 1, 2, 'nascetur ridiculus mus', 'metus arcu adipiscing molestie hendrerit at vulputate vitae nisl aenean lectus pellentesque eget nunc donec quis orci eget orci vehicula condimentum curabitur in libero ut massa volutpat convallis morbi odio odio elementum eu interdum eu tincidunt in leo maecenas pulvinar lobortis est phasellus sit amet erat nulla tempus vivamus in felis eu sapien cursus vestibulum proin eu mi nulla ac enim in tempor turpis nec euismod scelerisque quam turpis adipiscing lorem vitae mattis nibh ligula nec sem duis aliquam convallis nunc proin at turpis a pede posuere nonummy integer non velit donec diam neque vestibulum eget vulputate ut ultrices');
insert into post (post_id, member_id, board_id, title, content) values (14, 1, 2, 'sodales sed', 'sed vel enim sit amet nunc viverra dapibus nulla suscipit ligula in lacus curabitur at ipsum ac tellus semper interdum mauris ullamcorper purus sit amet');
insert into post (post_id, member_id, board_id, title, content) values (15, 1, 2, 'integer', 'donec quis orci eget orci vehicula condimentum curabitur in libero ut massa volutpat convallis morbi odio odio elementum eu interdum eu tincidunt in leo maecenas pulvinar lobortis est phasellus sit amet erat nulla tempus vivamus in felis eu sapien cursus vestibulum proin eu mi nulla ac enim in tempor turpis nec euismod scelerisque quam turpis adipiscing lorem vitae mattis nibh ligula nec sem duis aliquam convallis nunc proin at turpis a pede posuere nonummy integer non velit donec diam neque vestibulum eget vulputate ut ultrices vel augue vestibulum ante ipsum primis in faucibus orci luctus et ultrices posuere');
insert into post (post_id, member_id, board_id, title, content) values (16, 1, 2, 'nulla ac', 'praesent lectus vestibulum quam sapien varius ut blandit non interdum in');
insert into post (post_id, member_id, board_id, title, content) values (17, 1, 2, 'eu', 'elit sodales scelerisque mauris sit amet eros suspendisse accumsan tortor quis turpis sed ante vivamus tortor duis mattis egestas metus aenean fermentum donec ut mauris eget massa tempor convallis nulla neque libero convallis eget eleifend luctus ultricies eu nibh quisque id justo sit amet sapien dignissim vestibulum vestibulum ante ipsum primis in faucibus orci');
insert into post (post_id, member_id, board_id, title, content) values (18, 1, 2, 'in', 'convallis eget eleifend luctus ultricies eu nibh quisque id justo sit amet sapien dignissim vestibulum vestibulum ante ipsum primis in faucibus orci luctus et ultrices posuere cubilia curae nulla dapibus dolor vel est donec odio justo sollicitudin ut suscipit a feugiat et eros vestibulum ac est lacinia nisi venenatis tristique fusce congue diam id ornare imperdiet sapien urna pretium nisl ut volutpat sapien arcu sed augue aliquam erat volutpat in congue etiam justo etiam pretium iaculis justo in hac habitasse platea dictumst etiam faucibus cursus urna ut tellus nulla');
insert into post (post_id, member_id, board_id, title, content) values (19, 1, 2, 'cursus', 'vestibulum aliquet ultrices erat tortor sollicitudin mi sit amet lobortis sapien sapien non mi integer ac neque duis bibendum morbi non');
insert into post (post_id, member_id, board_id, title, content) values (20, 1, 3, 'dapibus', 'in purus eu magna vulputate luctus cum sociis natoque penatibus et magnis dis parturient montes nascetur ridiculus mus vivamus vestibulum sagittis sapien');
insert into post (post_id, member_id, board_id, title, content) values (21, 1, 3, 'gravida nisi', 'posuere cubilia curae mauris viverra diam vitae quam suspendisse potenti nullam porttitor lacus at turpis donec posuere metus vitae ipsum aliquam non mauris morbi non lectus aliquam sit amet diam in magna bibendum imperdiet nullam orci pede venenatis non sodales sed tincidunt eu felis fusce posuere');
insert into post (post_id, member_id, board_id, title, content) values (22, 1, 3, 'eu', 'nisl nunc nisl duis bibendum felis sed interdum venenatis turpis enim blandit mi in porttitor pede justo eu massa donec dapibus duis at velit eu est congue elementum in hac habitasse platea dictumst morbi vestibulum velit id pretium iaculis diam erat fermentum justo');
insert into post (post_id, member_id, board_id, title, content) values (23, 1, 3, 'vel', 'sociis natoque penatibus et magnis dis parturient montes nascetur ridiculus mus vivamus vestibulum sagittis sapien cum sociis natoque penatibus et magnis dis parturient montes nascetur ridiculus mus etiam vel augue vestibulum rutrum rutrum');
insert into post (post_id, member_id, board_id, title, content) values (24, 1, 3, 'nisi nam', 'a feugiat et eros vestibulum ac est lacinia nisi venenatis tristique fusce congue diam id ornare imperdiet sapien urna pretium nisl ut volutpat sapien arcu sed augue aliquam erat volutpat in congue etiam justo etiam pretium iaculis justo in hac habitasse platea dictumst etiam faucibus cursus urna ut tellus nulla ut erat id mauris vulputate elementum nullam varius nulla facilisi cras non velit nec nisi vulputate nonummy maecenas tincidunt lacus at velit vivamus vel nulla');
insert into post (post_id, member_id, board_id, title, content) values (25, 1, 3, 'ante', 'vestibulum proin eu mi nulla ac enim in tempor turpis nec euismod scelerisque quam turpis adipiscing lorem vitae mattis nibh ligula nec sem duis aliquam convallis nunc proin at turpis a pede posuere nonummy integer non velit donec diam neque vestibulum eget');
insert into post (post_id, member_id, board_id, title, content) values (26, 1, 3, 'eu nibh', 'etiam pretium iaculis justo in hac habitasse platea dictumst etiam faucibus cursus urna ut tellus nulla ut erat id mauris vulputate elementum nullam varius nulla facilisi cras non velit nec nisi vulputate nonummy maecenas tincidunt lacus at velit vivamus vel');
insert into post (post_id, member_id, board_id, title, content) values (27, 1, 3, 'in magna', 'nam dui proin leo odio porttitor id consequat in consequat ut nulla sed accumsan felis ut at dolor quis odio consequat varius integer ac leo pellentesque ultrices mattis odio donec vitae nisi nam ultrices libero non mattis pulvinar nulla pede ullamcorper augue a suscipit nulla elit ac nulla sed vel enim sit amet nunc viverra dapibus nulla suscipit ligula in lacus curabitur');
insert into post (post_id, member_id, board_id, title, content) values (28, 1, 3, 'accumsan', 'duis aliquam convallis nunc proin at turpis a pede posuere nonummy integer non velit donec diam neque vestibulum eget vulputate ut ultrices vel augue vestibulum ante ipsum primis in faucibus orci luctus et ultrices posuere cubilia curae donec pharetra magna vestibulum aliquet ultrices erat tortor sollicitudin mi sit amet lobortis sapien sapien non mi integer ac neque duis bibendum morbi non quam nec dui luctus rutrum nulla tellus in sagittis dui vel nisl duis ac nibh fusce lacus purus');
insert into post (post_id, member_id, board_id, title, content) values (29, 1, 3, 'et', 'phasellus id sapien in sapien iaculis congue vivamus metus arcu adipiscing molestie hendrerit at vulputate vitae nisl aenean lectus pellentesque eget nunc donec quis orci eget orci vehicula condimentum curabitur in libero ut massa volutpat convallis morbi odio odio elementum eu interdum eu tincidunt in leo maecenas pulvinar lobortis est phasellus sit amet erat nulla tempus vivamus in felis eu sapien cursus vestibulum proin eu mi nulla ac enim in tempor turpis nec euismod scelerisque quam turpis adipiscing lorem vitae mattis nibh ligula nec sem duis aliquam convallis nunc proin at turpis a pede posuere nonummy');
insert into post (post_id, member_id, board_id, title, content) values (30, 1, 4, 'luctus et ultrices', 'imperdiet nullam orci pede venenatis non sodales sed tincidunt eu felis fusce posuere felis sed lacus morbi sem mauris laoreet ut rhoncus aliquet pulvinar sed nisl nunc rhoncus dui vel sem sed sagittis nam congue risus semper porta volutpat quam pede lobortis ligula sit amet eleifend pede libero quis orci nullam molestie nibh in lectus pellentesque at nulla suspendisse potenti cras in purus eu magna vulputate luctus cum sociis natoque penatibus et magnis dis parturient montes nascetur ridiculus mus vivamus vestibulum sagittis sapien cum sociis natoque penatibus et magnis dis parturient');
insert into post (post_id, member_id, board_id, title, content) values (31, 1, 4, 'pede', 'duis bibendum morbi non quam nec dui luctus rutrum nulla tellus in sagittis dui vel nisl duis ac nibh fusce lacus purus aliquet at feugiat non pretium quis lectus suspendisse potenti in eleifend quam a odio in hac habitasse platea dictumst maecenas ut massa quis augue luctus tincidunt nulla mollis molestie lorem quisque ut');
insert into post (post_id, member_id, board_id, title, content) values (32, 1, 4, 'cras non', 'praesent lectus vestibulum quam sapien varius ut blandit non interdum in ante vestibulum ante ipsum primis in faucibus orci luctus et ultrices posuere cubilia curae duis faucibus accumsan odio curabitur convallis');
insert into post (post_id, member_id, board_id, title, content) values (33, 1, 4, 'libero rutrum', 'blandit lacinia erat vestibulum sed magna at nunc commodo placerat praesent blandit nam nulla integer pede justo lacinia eget tincidunt eget tempus vel pede morbi porttitor lorem id ligula suspendisse ornare consequat lectus in est risus auctor sed tristique in tempus sit amet sem fusce');
insert into post (post_id, member_id, board_id, title, content) values (34, 1, 4, 'sit amet', 'mi nulla ac enim in tempor turpis nec euismod scelerisque quam turpis adipiscing lorem vitae mattis nibh ligula nec sem duis aliquam convallis nunc proin at turpis a pede posuere nonummy integer non velit donec diam neque vestibulum eget vulputate ut ultrices vel augue vestibulum ante ipsum primis in faucibus orci luctus et ultrices posuere cubilia curae donec pharetra magna vestibulum aliquet ultrices erat tortor sollicitudin mi sit amet lobortis sapien sapien non mi integer ac neque duis bibendum morbi non quam nec dui luctus rutrum nulla tellus in sagittis dui vel nisl duis ac nibh fusce lacus');
insert into post (post_id, member_id, board_id, title, content) values (35, 1, 4, 'mauris vulputate', 'duis aliquam convallis nunc proin at turpis a pede posuere nonummy integer non velit donec diam neque vestibulum eget vulputate ut ultrices');
insert into post (post_id, member_id, board_id, title, content) values (36, 1, 4, 'nam', 'ac nibh fusce lacus purus aliquet at feugiat non pretium quis lectus suspendisse potenti in eleifend quam a odio in hac habitasse platea dictumst maecenas ut massa quis');
insert into post (post_id, member_id, board_id, title, content) values (37, 1, 4, 'quisque', 'ante vestibulum ante ipsum primis in faucibus orci luctus et ultrices posuere cubilia curae duis faucibus accumsan odio curabitur convallis duis consequat dui nec nisi volutpat eleifend donec ut dolor morbi vel lectus in quam fringilla rhoncus mauris enim leo rhoncus sed vestibulum sit');
insert into post (post_id, member_id, board_id, title, content) values (38, 1, 4, 'quis', 'dui proin leo odio porttitor id consequat in consequat ut nulla sed accumsan felis ut at dolor quis odio consequat varius integer ac leo pellentesque ultrices mattis odio donec vitae nisi nam ultrices libero non mattis');
insert into post (post_id, member_id, board_id, title, content) values (39, 1, 4, 'curabitur convallis duis', 'dis parturient montes nascetur ridiculus mus vivamus vestibulum sagittis sapien cum sociis natoque penatibus et magnis dis parturient montes nascetur ridiculus mus etiam vel augue vestibulum rutrum rutrum neque aenean auctor gravida sem praesent id massa id nisl venenatis lacinia aenean sit amet justo morbi ut odio cras mi pede malesuada in imperdiet et commodo vulputate justo in blandit ultrices enim lorem ipsum dolor sit amet consectetuer adipiscing elit proin interdum mauris non ligula pellentesque ultrices phasellus id sapien in sapien');
insert into post (post_id, member_id, board_id, title, content) values (40, 1, 5, 'velit', 'ipsum praesent blandit lacinia erat vestibulum sed magna at nunc commodo placerat praesent blandit nam nulla integer pede justo lacinia eget tincidunt eget tempus vel pede morbi');
insert into post (post_id, member_id, board_id, title, content) values (41, 1, 5, 'id nulla', 'nascetur ridiculus mus vivamus vestibulum sagittis sapien cum sociis natoque penatibus et magnis dis parturient montes nascetur ridiculus mus etiam vel augue vestibulum rutrum rutrum neque aenean auctor gravida sem praesent id massa id nisl venenatis lacinia aenean sit amet justo morbi ut odio cras mi pede malesuada in imperdiet et commodo vulputate justo in blandit ultrices enim lorem ipsum dolor sit amet consectetuer adipiscing elit proin interdum mauris non ligula pellentesque ultrices phasellus id sapien in sapien iaculis congue');
insert into post (post_id, member_id, board_id, title, content) values (42, 1, 5, 'id massa', 'mus etiam vel augue vestibulum rutrum rutrum neque aenean auctor gravida sem praesent id massa id nisl venenatis lacinia aenean sit amet justo morbi ut odio cras mi pede malesuada in imperdiet et');
insert into post (post_id, member_id, board_id, title, content) values (43, 1, 5, 'donec', 'pede posuere nonummy integer non velit donec diam neque vestibulum eget vulputate ut ultrices vel augue vestibulum ante ipsum primis in faucibus orci luctus et ultrices posuere cubilia curae donec pharetra magna vestibulum aliquet ultrices erat tortor sollicitudin mi sit amet lobortis sapien sapien non mi integer ac neque duis bibendum morbi non quam');
insert into post (post_id, member_id, board_id, title, content) values (44, 1, 5, 'sed interdum', 'justo in blandit ultrices enim lorem ipsum dolor sit amet consectetuer adipiscing elit proin interdum mauris non ligula pellentesque ultrices phasellus id sapien in sapien iaculis congue vivamus metus arcu adipiscing molestie hendrerit at vulputate vitae nisl aenean lectus pellentesque eget nunc donec');
insert into post (post_id, member_id, board_id, title, content) values (45, 1, 5, 'sapien', 'lacinia aenean sit amet justo morbi ut odio cras mi pede malesuada in imperdiet et commodo vulputate justo in blandit ultrices enim lorem ipsum dolor sit amet consectetuer adipiscing elit proin interdum mauris non ligula pellentesque ultrices phasellus id sapien in sapien');
insert into post (post_id, member_id, board_id, title, content) values (46, 1, 5, 'pede', 'nisi vulputate nonummy maecenas tincidunt lacus at velit vivamus vel nulla eget eros elementum pellentesque quisque porta volutpat erat quisque erat eros viverra eget congue eget semper rutrum nulla nunc purus phasellus in felis donec semper sapien a libero nam dui proin leo odio porttitor id consequat in consequat ut nulla sed accumsan felis');
insert into post (post_id, member_id, board_id, title, content) values (47, 1, 5, 'ultrices vel augue', 'venenatis turpis enim blandit mi in porttitor pede justo eu massa donec dapibus duis at velit eu est congue elementum in hac habitasse platea dictumst morbi vestibulum velit id pretium iaculis diam erat fermentum justo nec condimentum neque sapien placerat ante nulla justo aliquam quis turpis eget elit sodales scelerisque mauris sit amet eros suspendisse accumsan tortor quis turpis sed ante vivamus tortor duis mattis egestas metus aenean fermentum donec ut mauris eget massa tempor convallis nulla');
insert into post (post_id, member_id, board_id, title, content) values (48, 1, 5, 'dolor', 'erat vestibulum sed magna at nunc commodo placerat praesent blandit nam nulla integer pede justo lacinia eget tincidunt eget tempus vel pede morbi porttitor lorem id ligula suspendisse ornare consequat lectus in est risus auctor sed tristique in tempus sit amet sem fusce consequat nulla nisl nunc nisl duis bibendum felis sed interdum venenatis turpis enim blandit mi in porttitor pede justo eu massa donec dapibus duis at velit eu est congue elementum in hac habitasse platea dictumst morbi vestibulum velit id pretium iaculis diam erat');
insert into post (post_id, member_id, board_id, title, content) values (49, 1, 5, 'praesent', 'rhoncus dui vel sem sed sagittis nam congue risus semper porta volutpat quam pede lobortis ligula sit amet eleifend pede libero quis orci nullam molestie nibh in lectus pellentesque at nulla suspendisse potenti cras in');
insert into post (post_id, member_id, board_id, title, content) values (50, 1, 6, 'porttitor', 'cursus urna ut tellus nulla ut erat id mauris vulputate');
insert into post (post_id, member_id, board_id, title, content) values (51, 1, 6, 'ornare imperdiet', 'velit vivamus vel nulla eget eros elementum pellentesque quisque porta volutpat erat quisque erat eros viverra eget congue eget semper rutrum nulla nunc purus phasellus in felis donec semper sapien a libero nam dui proin leo odio porttitor id consequat in consequat ut nulla sed accumsan felis ut at dolor quis odio consequat varius integer');
insert into post (post_id, member_id, board_id, title, content) values (52, 1, 6, 'hac', 'consectetuer adipiscing elit proin risus praesent lectus vestibulum quam sapien varius ut blandit non interdum in ante vestibulum ante ipsum primis in faucibus orci luctus et ultrices posuere cubilia curae duis faucibus accumsan odio curabitur convallis duis consequat dui nec nisi volutpat eleifend donec ut dolor morbi vel lectus in quam fringilla rhoncus mauris enim leo rhoncus sed vestibulum sit amet cursus id turpis integer aliquet massa id lobortis convallis tortor risus dapibus augue vel accumsan tellus nisi eu orci mauris lacinia sapien quis libero nullam sit amet turpis elementum ligula vehicula consequat morbi');
insert into post (post_id, member_id, board_id, title, content) values (53, 1, 6, 'sit amet sapien', 'sem fusce consequat nulla nisl nunc nisl duis bibendum felis sed interdum venenatis turpis enim blandit mi in porttitor pede justo eu massa donec dapibus duis at velit eu est congue elementum in hac habitasse platea dictumst morbi vestibulum velit id pretium iaculis diam erat fermentum justo nec condimentum neque sapien placerat ante nulla justo aliquam quis turpis eget elit sodales scelerisque mauris sit amet eros suspendisse accumsan tortor quis turpis sed ante vivamus tortor duis mattis egestas metus aenean fermentum donec ut mauris eget massa');
insert into post (post_id, member_id, board_id, title, content) values (54, 1, 6, 'sem fusce consequat', 'in faucibus orci luctus et ultrices posuere cubilia curae duis faucibus accumsan odio curabitur convallis duis consequat dui nec nisi volutpat eleifend donec ut dolor morbi vel lectus in quam fringilla rhoncus mauris enim');
insert into post (post_id, member_id, board_id, title, content) values (55, 1, 6, 'tortor sollicitudin', 'nulla ac enim in tempor turpis nec euismod scelerisque quam turpis adipiscing lorem vitae mattis nibh ligula nec sem duis aliquam convallis nunc proin at turpis a pede posuere nonummy integer non velit donec diam neque vestibulum eget vulputate ut ultrices vel augue vestibulum ante ipsum primis in faucibus orci luctus et ultrices posuere cubilia curae donec pharetra magna vestibulum aliquet ultrices erat tortor sollicitudin mi sit amet lobortis sapien sapien non mi integer ac neque duis bibendum morbi non quam nec dui luctus rutrum nulla tellus in sagittis dui vel nisl duis ac nibh');
insert into post (post_id, member_id, board_id, title, content) values (56, 1, 6, 'tincidunt', 'ultrices posuere cubilia curae mauris viverra diam vitae quam suspendisse potenti nullam porttitor lacus at turpis donec posuere metus vitae ipsum aliquam non mauris morbi non lectus aliquam sit amet diam in magna bibendum imperdiet nullam orci pede venenatis non sodales sed tincidunt eu felis fusce posuere felis sed lacus morbi sem mauris laoreet ut rhoncus aliquet pulvinar sed nisl nunc rhoncus dui vel sem sed sagittis nam congue risus semper');
insert into post (post_id, member_id, board_id, title, content) values (57, 1, 6, 'mi', 'varius ut blandit non interdum in ante vestibulum ante ipsum primis in faucibus orci luctus et ultrices posuere cubilia curae duis faucibus accumsan odio curabitur convallis duis consequat dui nec nisi volutpat eleifend donec ut dolor morbi vel lectus in quam fringilla rhoncus mauris enim leo rhoncus sed vestibulum sit amet cursus id turpis integer aliquet massa id lobortis convallis tortor risus dapibus augue vel accumsan tellus nisi eu orci mauris lacinia sapien quis libero nullam sit amet turpis elementum ligula vehicula consequat morbi a ipsum integer a nibh in quis');
insert into post (post_id, member_id, board_id, title, content) values (58, 1, 6, 'sapien', 'pellentesque quisque porta volutpat erat quisque erat eros viverra eget congue eget semper rutrum nulla nunc purus phasellus in felis donec semper sapien a libero nam dui proin leo odio porttitor id consequat in consequat ut nulla sed accumsan felis ut at dolor quis odio consequat varius integer ac leo pellentesque ultrices mattis odio donec vitae nisi nam ultrices libero non mattis pulvinar nulla pede ullamcorper augue a');
insert into post (post_id, member_id, board_id, title, content) values (59, 1, 6, 'vivamus vel nulla', 'molestie lorem quisque ut erat curabitur gravida nisi at nibh in');
insert into post (post_id, member_id, board_id, title, content) values (60, 1, 7, 'luctus', 'et ultrices posuere cubilia curae duis faucibus accumsan odio curabitur convallis duis consequat dui nec nisi volutpat eleifend donec ut dolor morbi vel lectus in quam fringilla rhoncus mauris enim leo rhoncus sed vestibulum sit amet cursus id turpis integer aliquet massa id lobortis convallis tortor risus dapibus augue vel accumsan tellus nisi eu orci mauris lacinia sapien quis libero nullam sit amet turpis elementum ligula vehicula consequat morbi a ipsum integer a nibh in quis justo maecenas rhoncus aliquam lacus morbi quis tortor');
insert into post (post_id, member_id, board_id, title, content) values (61, 1, 7, 'quis tortor', 'integer a nibh in quis justo maecenas rhoncus aliquam lacus morbi quis tortor id nulla ultrices aliquet maecenas leo odio condimentum id luctus nec molestie sed justo pellentesque viverra pede ac diam cras pellentesque volutpat dui maecenas tristique est et tempus semper est quam pharetra magna ac consequat metus sapien ut nunc vestibulum ante ipsum primis in faucibus orci luctus et ultrices posuere cubilia curae mauris viverra diam vitae quam suspendisse potenti nullam porttitor lacus at turpis donec posuere metus vitae ipsum aliquam non mauris morbi non lectus aliquam sit amet diam in magna bibendum imperdiet nullam');
insert into post (post_id, member_id, board_id, title, content) values (62, 1, 7, 'lobortis ligula', 'in tempor turpis nec euismod scelerisque quam turpis adipiscing lorem vitae mattis nibh ligula nec sem duis aliquam convallis nunc proin at turpis a pede posuere nonummy integer non velit donec diam neque vestibulum eget vulputate ut ultrices vel augue vestibulum ante ipsum primis in faucibus orci luctus et ultrices posuere cubilia curae donec pharetra magna vestibulum aliquet ultrices erat tortor sollicitudin mi sit amet lobortis sapien sapien non mi integer ac neque duis bibendum morbi non quam nec dui luctus rutrum nulla tellus in sagittis dui vel nisl duis ac nibh');
insert into post (post_id, member_id, board_id, title, content) values (63, 1, 7, 'eu est', 'aliquet at feugiat non pretium quis lectus suspendisse potenti in eleifend quam a odio in hac habitasse platea dictumst maecenas ut massa quis augue luctus tincidunt nulla mollis molestie lorem quisque ut erat curabitur gravida nisi at nibh in hac habitasse platea dictumst aliquam augue quam sollicitudin vitae consectetuer eget rutrum at lorem integer tincidunt ante vel ipsum praesent blandit lacinia erat vestibulum sed magna at nunc commodo placerat praesent blandit nam nulla integer pede justo lacinia eget tincidunt eget tempus vel pede morbi porttitor lorem id ligula');
insert into post (post_id, member_id, board_id, title, content) values (64, 1, 7, 'sapien', 'vel est donec odio justo sollicitudin ut suscipit a feugiat et eros vestibulum ac est lacinia nisi venenatis tristique fusce congue diam id ornare imperdiet sapien urna pretium nisl ut volutpat sapien arcu sed augue aliquam erat');
insert into post (post_id, member_id, board_id, title, content) values (65, 1, 7, 'erat tortor', 'metus vitae ipsum aliquam non mauris morbi non lectus aliquam sit amet diam in magna bibendum imperdiet nullam orci pede venenatis non sodales sed tincidunt eu felis fusce posuere felis sed lacus morbi sem mauris laoreet ut');
insert into post (post_id, member_id, board_id, title, content) values (66, 1, 7, 'aliquet', 'in hac habitasse platea dictumst etiam faucibus cursus urna ut tellus nulla ut erat id mauris vulputate elementum nullam varius nulla facilisi cras non velit nec nisi vulputate nonummy maecenas tincidunt lacus at velit vivamus vel nulla eget eros elementum pellentesque quisque porta volutpat erat quisque erat eros viverra eget congue eget semper rutrum nulla nunc purus phasellus in felis donec semper sapien a libero nam dui proin leo odio porttitor id consequat in consequat ut');
insert into post (post_id, member_id, board_id, title, content) values (67, 1, 7, 'nulla mollis molestie', 'dui luctus rutrum nulla tellus in sagittis dui vel nisl duis ac nibh fusce lacus');
insert into post (post_id, member_id, board_id, title, content) values (68, 1, 7, 'eu massa', 'leo rhoncus sed vestibulum sit amet cursus id turpis integer aliquet massa id lobortis convallis tortor risus dapibus augue vel accumsan tellus nisi eu orci mauris lacinia sapien quis libero nullam sit amet turpis elementum ligula vehicula consequat morbi a ipsum integer a nibh in quis justo maecenas rhoncus aliquam lacus morbi quis tortor id nulla ultrices aliquet maecenas leo odio condimentum id luctus nec molestie sed justo pellentesque viverra pede ac diam cras pellentesque volutpat dui maecenas');
insert into post (post_id, member_id, board_id, title, content) values (69, 1, 7, 'elementum nullam varius', 'odio curabitur convallis duis consequat dui nec nisi volutpat eleifend donec ut dolor morbi vel lectus in quam fringilla rhoncus mauris enim leo rhoncus sed vestibulum sit amet cursus id turpis integer aliquet massa id lobortis convallis tortor risus dapibus augue vel accumsan tellus nisi eu orci mauris lacinia sapien quis libero nullam sit amet');
insert into post (post_id, member_id, board_id, title, content) values (70, 1, 8, 'curae donec', 'auctor gravida sem praesent id massa id nisl venenatis lacinia aenean sit amet justo morbi ut odio cras mi pede malesuada in imperdiet et commodo vulputate justo in blandit ultrices enim lorem ipsum dolor sit amet consectetuer adipiscing elit proin interdum mauris non ligula pellentesque ultrices phasellus id sapien in sapien iaculis congue vivamus metus arcu adipiscing molestie hendrerit at vulputate vitae nisl aenean lectus pellentesque eget nunc donec quis orci eget orci vehicula condimentum curabitur');
insert into post (post_id, member_id, board_id, title, content) values (71, 1, 8, 'nec nisi vulputate', 'erat vestibulum sed magna at nunc commodo placerat praesent blandit nam nulla integer pede justo lacinia eget tincidunt eget tempus vel pede morbi porttitor lorem id ligula suspendisse ornare consequat lectus in est risus auctor sed tristique in tempus sit amet sem fusce consequat nulla nisl nunc nisl duis bibendum felis sed interdum venenatis turpis enim blandit mi in porttitor pede justo eu massa donec dapibus duis at velit eu est congue elementum in hac habitasse platea dictumst morbi vestibulum velit id pretium iaculis diam erat fermentum justo nec condimentum neque sapien');
insert into post (post_id, member_id, board_id, title, content) values (72, 1, 8, 'nonummy', 'suscipit a feugiat et eros vestibulum ac est lacinia nisi venenatis tristique fusce congue diam id ornare imperdiet sapien urna pretium nisl ut volutpat sapien arcu sed augue aliquam erat volutpat in congue etiam justo etiam pretium iaculis justo in hac habitasse platea dictumst etiam faucibus cursus urna ut tellus nulla ut erat id mauris vulputate elementum nullam varius nulla facilisi cras non velit nec nisi vulputate nonummy maecenas tincidunt lacus at velit vivamus');
insert into post (post_id, member_id, board_id, title, content) values (73, 1, 8, 'integer a nibh', 'nullam varius nulla facilisi cras non velit nec nisi vulputate nonummy maecenas tincidunt lacus at velit vivamus vel nulla eget eros elementum pellentesque quisque porta volutpat erat');
insert into post (post_id, member_id, board_id, title, content) values (74, 1, 8, 'tortor risus dapibus', 'nec sem duis aliquam convallis nunc proin at turpis a pede posuere nonummy integer non velit donec diam neque vestibulum eget vulputate ut ultrices vel augue vestibulum ante');
insert into post (post_id, member_id, board_id, title, content) values (75, 1, 8, 'sapien placerat', 'faucibus orci luctus et ultrices posuere cubilia curae duis faucibus accumsan odio curabitur convallis duis consequat dui nec nisi volutpat eleifend donec ut dolor morbi vel lectus in quam fringilla rhoncus mauris enim leo rhoncus sed vestibulum sit amet cursus id turpis integer aliquet massa id lobortis convallis tortor risus dapibus');
insert into post (post_id, member_id, board_id, title, content) values (76, 1, 8, 'ullamcorper augue a', 'pretium quis lectus suspendisse potenti in eleifend quam a odio in hac habitasse platea dictumst maecenas ut massa quis augue luctus tincidunt nulla mollis molestie lorem quisque ut erat curabitur gravida');
insert into post (post_id, member_id, board_id, title, content) values (77, 1, 8, 'sapien', 'sit amet eros suspendisse accumsan tortor quis turpis sed ante vivamus tortor duis mattis egestas metus aenean fermentum donec ut mauris eget massa tempor convallis nulla neque libero convallis eget eleifend luctus ultricies eu nibh quisque id justo sit amet sapien dignissim vestibulum vestibulum ante ipsum primis in faucibus orci luctus et ultrices posuere cubilia curae');
insert into post (post_id, member_id, board_id, title, content) values (78, 1, 8, 'sit amet nulla', 'placerat praesent blandit nam nulla integer pede justo lacinia eget tincidunt eget tempus vel pede morbi porttitor lorem id ligula suspendisse ornare consequat lectus in est risus auctor sed tristique in tempus sit amet sem fusce consequat nulla nisl nunc nisl duis bibendum felis sed interdum venenatis turpis enim blandit mi in porttitor pede justo eu massa donec dapibus duis at velit eu est congue elementum in hac habitasse platea dictumst morbi vestibulum velit id pretium iaculis');
insert into post (post_id, member_id, board_id, title, content) values (79, 1, 8, 'porttitor lorem', 'pellentesque volutpat dui maecenas tristique est et tempus semper est quam pharetra magna ac consequat metus');
insert into post (post_id, member_id, board_id, title, content) values (80, 1, 9, 'quis augue luctus', 'aliquet massa id lobortis convallis tortor risus dapibus augue vel accumsan tellus nisi eu orci mauris lacinia sapien quis libero nullam sit amet turpis elementum ligula vehicula consequat morbi a ipsum integer a nibh in quis justo maecenas rhoncus aliquam lacus morbi quis tortor id nulla ultrices aliquet');
insert into post (post_id, member_id, board_id, title, content) values (81, 1, 9, 'quam suspendisse potenti', 'duis faucibus accumsan odio curabitur convallis duis consequat dui nec nisi volutpat eleifend donec ut dolor morbi vel lectus in quam fringilla rhoncus mauris enim leo rhoncus sed vestibulum sit amet cursus id turpis integer aliquet massa id lobortis');
insert into post (post_id, member_id, board_id, title, content) values (82, 1, 9, 'at ipsum ac', 'consectetuer adipiscing elit proin interdum mauris non ligula pellentesque ultrices phasellus id sapien in sapien iaculis congue vivamus metus arcu adipiscing molestie hendrerit at vulputate vitae nisl aenean lectus pellentesque eget nunc donec quis orci eget orci vehicula condimentum curabitur');
insert into post (post_id, member_id, board_id, title, content) values (83, 1, 9, 'amet erat', 'nullam orci pede venenatis non sodales sed tincidunt eu felis fusce posuere felis sed lacus morbi');
insert into post (post_id, member_id, board_id, title, content) values (84, 1, 9, 'amet sem', 'lorem ipsum dolor sit amet consectetuer adipiscing elit proin interdum mauris non ligula pellentesque ultrices phasellus id sapien in sapien iaculis congue vivamus metus arcu adipiscing molestie hendrerit at vulputate vitae nisl aenean lectus pellentesque eget nunc donec quis orci eget orci vehicula condimentum curabitur in libero');
insert into post (post_id, member_id, board_id, title, content) values (85, 1, 9, 'aenean fermentum', 'dictumst maecenas ut massa quis augue luctus tincidunt nulla mollis molestie lorem quisque ut erat curabitur gravida nisi at nibh in hac habitasse platea dictumst aliquam augue quam sollicitudin vitae consectetuer eget rutrum at lorem integer tincidunt ante vel ipsum praesent blandit lacinia erat vestibulum sed magna at nunc commodo placerat praesent blandit nam nulla integer pede justo lacinia eget tincidunt eget tempus vel pede morbi porttitor lorem id ligula suspendisse ornare consequat lectus in est risus auctor sed tristique in tempus sit amet sem fusce consequat');
insert into post (post_id, member_id, board_id, title, content) values (86, 1, 9, 'eget orci', 'suspendisse accumsan tortor quis turpis sed ante vivamus tortor duis mattis egestas metus aenean fermentum donec ut mauris eget massa tempor convallis nulla neque libero convallis eget eleifend luctus ultricies eu nibh quisque id justo sit amet sapien dignissim vestibulum vestibulum ante ipsum primis in faucibus orci luctus et');
insert into post (post_id, member_id, board_id, title, content) values (87, 1, 9, 'feugiat et eros', 'nulla justo aliquam quis turpis eget elit sodales scelerisque mauris sit amet eros suspendisse accumsan tortor quis turpis sed ante vivamus tortor duis mattis egestas metus aenean fermentum donec ut mauris eget massa tempor convallis nulla neque libero convallis eget eleifend luctus ultricies eu nibh quisque id justo sit amet');
insert into post (post_id, member_id, board_id, title, content) values (88, 1, 9, 'semper porta volutpat', 'luctus et ultrices posuere cubilia curae mauris viverra diam vitae quam suspendisse potenti nullam porttitor lacus at turpis donec posuere metus vitae ipsum aliquam non mauris morbi non lectus aliquam sit amet diam in magna bibendum imperdiet nullam orci pede venenatis non sodales sed tincidunt eu felis fusce posuere felis sed lacus morbi sem mauris laoreet ut rhoncus aliquet pulvinar sed nisl nunc rhoncus dui vel sem sed sagittis nam');
insert into post (post_id, member_id, board_id, title, content) values (89, 1, 9, 'aenean', 'convallis morbi odio odio elementum eu interdum eu tincidunt in leo maecenas pulvinar lobortis est phasellus sit amet erat nulla tempus vivamus in felis eu sapien cursus vestibulum proin eu mi nulla ac enim in tempor turpis nec euismod scelerisque quam turpis adipiscing');
insert into post (post_id, member_id, board_id, title, content) values (90, 1, 10, 'sociis natoque', 'molestie hendrerit at vulputate vitae nisl aenean lectus pellentesque eget nunc donec quis orci eget orci vehicula condimentum curabitur in libero ut massa volutpat convallis morbi');
insert into post (post_id, member_id, board_id, title, content) values (91, 1, 10, 'suspendisse', 'maecenas tristique est et tempus semper est quam pharetra magna ac consequat metus sapien ut nunc vestibulum ante ipsum primis in faucibus orci luctus et ultrices posuere cubilia curae mauris viverra');
insert into post (post_id, member_id, board_id, title, content) values (92, 1, 10, 'nulla suscipit', 'et ultrices posuere cubilia curae duis faucibus accumsan odio curabitur convallis');
insert into post (post_id, member_id, board_id, title, content) values (93, 1, 10, 'ultrices', 'vel augue vestibulum ante ipsum primis in faucibus orci luctus et ultrices posuere cubilia curae donec pharetra magna vestibulum aliquet ultrices erat tortor sollicitudin mi sit amet lobortis sapien sapien non mi integer ac neque duis bibendum morbi non quam nec dui luctus rutrum nulla tellus in sagittis dui vel nisl duis ac nibh fusce lacus');
insert into post (post_id, member_id, board_id, title, content) values (94, 1, 10, 'commodo placerat praesent', 'ut massa quis augue luctus tincidunt nulla mollis molestie lorem quisque ut erat curabitur gravida nisi at nibh in hac habitasse platea dictumst aliquam augue quam sollicitudin vitae consectetuer eget rutrum at lorem integer tincidunt ante vel ipsum praesent blandit lacinia erat vestibulum sed magna at nunc commodo placerat praesent blandit nam nulla integer pede justo lacinia eget tincidunt eget tempus vel pede morbi porttitor lorem id ligula suspendisse ornare consequat lectus in est risus auctor sed tristique in tempus sit amet sem fusce consequat nulla nisl nunc nisl duis');
insert into post (post_id, member_id, board_id, title, content) values (95, 1, 10, 'faucibus orci', 'eget vulputate ut ultrices vel augue vestibulum ante ipsum primis in faucibus orci luctus et ultrices posuere cubilia curae donec pharetra magna vestibulum aliquet ultrices erat tortor sollicitudin mi sit amet lobortis sapien sapien');
insert into post (post_id, member_id, board_id, title, content) values (96, 1, 10, 'vestibulum quam sapien', 'suspendisse potenti in eleifend quam a odio in hac habitasse platea dictumst maecenas ut massa quis augue luctus tincidunt nulla mollis molestie lorem quisque ut erat curabitur gravida nisi at nibh in hac habitasse platea dictumst aliquam augue quam sollicitudin vitae consectetuer eget rutrum at lorem integer tincidunt ante vel ipsum praesent blandit lacinia erat vestibulum sed magna at nunc commodo placerat praesent blandit nam nulla integer pede justo lacinia eget tincidunt eget tempus vel pede morbi porttitor lorem id ligula suspendisse ornare consequat lectus in est risus auctor sed tristique in tempus sit amet sem fusce consequat');
insert into post (post_id, member_id, board_id, title, content) values (97, 1, 10, 'magna bibendum', 'vehicula condimentum curabitur in libero ut massa volutpat convallis morbi odio odio elementum eu interdum eu tincidunt in leo maecenas pulvinar lobortis est phasellus sit amet erat');
insert into post (post_id, member_id, board_id, title, content) values (98, 1, 10, 'purus sit amet', 'vestibulum velit id pretium iaculis diam erat fermentum justo nec condimentum neque sapien placerat ante nulla');
insert into post (post_id, member_id, board_id, title, content) values (99, 1, 10, 'auctor gravida sem', 'ipsum primis in faucibus orci luctus et ultrices posuere cubilia curae duis faucibus accumsan odio curabitur convallis duis consequat dui nec nisi volutpat eleifend donec ut dolor morbi vel lectus in quam fringilla rhoncus mauris enim leo rhoncus sed vestibulum sit amet cursus id turpis integer aliquet massa');

insert into comment (comment_id, member_id, post_id, content) values (1, 1, 1, 'et ultrices posuere cubilia curae');
insert into comment (comment_id, member_id, post_id, content) values (2, 1, 1, 'dolor sit amet consectetuer adipiscing elit proin risus');
insert into comment (comment_id, member_id, post_id, content) values (3, 1, 1, 'luctus et ultrices posuere cubilia');
insert into comment (comment_id, member_id, post_id, content) values (4, 1, 1, 'et commodo vulputate justo in blandit ultrices enim lorem');
insert into comment (comment_id, member_id, post_id, content) values (5, 1, 1, 'tellus nisi eu');
insert into comment (comment_id, member_id, post_id, content) values (6, 1, 1, 'neque libero convallis eget');
insert into comment (comment_id, member_id, post_id, content) values (7, 1, 1, 'augue quam sollicitudin');
insert into comment (comment_id, member_id, post_id, content) values (8, 1, 1, 'odio condimentum id luctus');
insert into comment (comment_id, member_id, post_id, content) values (9, 1, 1, 'velit id pretium iaculis diam');
insert into comment (comment_id, member_id, post_id, content) values (10, 1, 2, 'nulla suscipit ligula in lacus curabitur at');
insert into comment (comment_id, member_id, post_id, content) values (11, 1, 2, 'convallis nulla neque libero convallis eget eleifend');
insert into comment (comment_id, member_id, post_id, content) values (12, 1, 2, 'et');
insert into comment (comment_id, member_id, post_id, content) values (13, 1, 2, 'aliquam erat volutpat in congue etiam');
insert into comment (comment_id, member_id, post_id, content) values (14, 1, 2, 'justo in');
insert into comment (comment_id, member_id, post_id, content) values (15, 1, 2, 'mi pede malesuada in imperdiet et commodo vulputate');
insert into comment (comment_id, member_id, post_id, content) values (16, 1, 2, 'nisl aenean lectus pellentesque eget');
insert into comment (comment_id, member_id, post_id, content) values (17, 1, 2, 'id luctus nec molestie sed justo pellentesque viverra');
insert into comment (comment_id, member_id, post_id, content) values (18, 1, 2, 'elementum in hac habitasse platea dictumst morbi');
insert into comment (comment_id, member_id, post_id, content) values (19, 1, 2, 'donec pharetra magna vestibulum aliquet ultrices erat tortor sollicitudin mi');
insert into comment (comment_id, member_id, post_id, content) values (20, 1, 3, 'lectus');
insert into comment (comment_id, member_id, post_id, content) values (21, 1, 3, 'vestibulum ante ipsum primis in faucibus');
insert into comment (comment_id, member_id, post_id, content) values (22, 1, 3, 'nam ultrices libero non mattis pulvinar nulla pede');
insert into comment (comment_id, member_id, post_id, content) values (23, 1, 3, 'vestibulum vestibulum ante ipsum primis in faucibus');
insert into comment (comment_id, member_id, post_id, content) values (24, 1, 3, 'in congue etiam justo etiam pretium iaculis justo in hac');
insert into comment (comment_id, member_id, post_id, content) values (25, 1, 3, 'adipiscing lorem vitae mattis nibh ligula nec');
insert into comment (comment_id, member_id, post_id, content) values (26, 1, 3, 'in faucibus orci');
insert into comment (comment_id, member_id, post_id, content) values (27, 1, 3, 'velit donec diam neque vestibulum eget vulputate');
insert into comment (comment_id, member_id, post_id, content) values (28, 1, 3, 'congue elementum in');
insert into comment (comment_id, member_id, post_id, content) values (29, 1, 3, 'ultrices enim lorem ipsum');
insert into comment (comment_id, member_id, post_id, content) values (30, 1, 4, 'orci luctus et ultrices posuere cubilia curae donec');
insert into comment (comment_id, member_id, post_id, content) values (31, 1, 4, 'vel est donec odio justo sollicitudin ut');
insert into comment (comment_id, member_id, post_id, content) values (32, 1, 4, 'tempus');
insert into comment (comment_id, member_id, post_id, content) values (33, 1, 4, 'tellus semper interdum mauris ullamcorper purus sit amet nulla quisque');
insert into comment (comment_id, member_id, post_id, content) values (34, 1, 4, 'tincidunt ante vel ipsum praesent blandit lacinia erat vestibulum sed');
insert into comment (comment_id, member_id, post_id, content) values (35, 1, 4, 'congue risus semper porta volutpat quam pede lobortis ligula');
insert into comment (comment_id, member_id, post_id, content) values (36, 1, 4, 'feugiat non pretium quis lectus');
insert into comment (comment_id, member_id, post_id, content) values (37, 1, 4, 'in hac habitasse platea dictumst');
insert into comment (comment_id, member_id, post_id, content) values (38, 1, 4, 'aliquet');
insert into comment (comment_id, member_id, post_id, content) values (39, 1, 4, 'dolor morbi vel lectus in quam fringilla rhoncus mauris');
insert into comment (comment_id, member_id, post_id, content) values (40, 1, 5, 'pellentesque quisque porta volutpat erat quisque erat eros viverra');
insert into comment (comment_id, member_id, post_id, content) values (41, 1, 5, 'eu orci mauris lacinia');
insert into comment (comment_id, member_id, post_id, content) values (42, 1, 5, 'vel nulla eget eros elementum pellentesque quisque');
insert into comment (comment_id, member_id, post_id, content) values (43, 1, 5, 'tempus vivamus in felis eu sapien cursus vestibulum');
insert into comment (comment_id, member_id, post_id, content) values (44, 1, 5, 'vel lectus in quam fringilla rhoncus mauris enim leo');
insert into comment (comment_id, member_id, post_id, content) values (45, 1, 5, 'integer pede justo lacinia eget tincidunt eget tempus vel');
insert into comment (comment_id, member_id, post_id, content) values (46, 1, 5, 'dictumst morbi vestibulum velit id pretium');
insert into comment (comment_id, member_id, post_id, content) values (47, 1, 5, 'etiam justo etiam');
insert into comment (comment_id, member_id, post_id, content) values (48, 1, 5, 'eget rutrum');
insert into comment (comment_id, member_id, post_id, content) values (49, 1, 5, 'quam sapien varius ut blandit non interdum');
insert into comment (comment_id, member_id, post_id, content) values (50, 1, 6, 'tincidunt in leo maecenas pulvinar lobortis est phasellus');
insert into comment (comment_id, member_id, post_id, content) values (51, 1, 6, 'semper sapien a libero nam dui');
insert into comment (comment_id, member_id, post_id, content) values (52, 1, 6, 'in');
insert into comment (comment_id, member_id, post_id, content) values (53, 1, 6, 'in imperdiet et commodo vulputate justo');
insert into comment (comment_id, member_id, post_id, content) values (54, 1, 6, 'cubilia curae');
insert into comment (comment_id, member_id, post_id, content) values (55, 1, 6, 'non velit nec nisi vulputate nonummy maecenas');
insert into comment (comment_id, member_id, post_id, content) values (56, 1, 6, 'hac habitasse platea dictumst maecenas ut');
insert into comment (comment_id, member_id, post_id, content) values (57, 1, 6, 'quam');
insert into comment (comment_id, member_id, post_id, content) values (58, 1, 6, 'diam vitae');
insert into comment (comment_id, member_id, post_id, content) values (59, 1, 6, 'suscipit');
insert into comment (comment_id, member_id, post_id, content) values (60, 1, 7, 'amet sem fusce consequat nulla nisl nunc');
insert into comment (comment_id, member_id, post_id, content) values (61, 1, 7, 'nam congue risus');
insert into comment (comment_id, member_id, post_id, content) values (62, 1, 7, 'auctor sed tristique in tempus sit amet sem fusce');
insert into comment (comment_id, member_id, post_id, content) values (63, 1, 7, 'orci');
insert into comment (comment_id, member_id, post_id, content) values (64, 1, 7, 'volutpat erat quisque erat eros viverra');
insert into comment (comment_id, member_id, post_id, content) values (65, 1, 7, 'ultrices aliquet maecenas leo odio condimentum id');
insert into comment (comment_id, member_id, post_id, content) values (66, 1, 7, 'primis');
insert into comment (comment_id, member_id, post_id, content) values (67, 1, 7, 'eget orci vehicula condimentum curabitur');
insert into comment (comment_id, member_id, post_id, content) values (68, 1, 7, 'aenean');
insert into comment (comment_id, member_id, post_id, content) values (69, 1, 7, 'nullam molestie');
insert into comment (comment_id, member_id, post_id, content) values (70, 1, 8, 'faucibus orci');
insert into comment (comment_id, member_id, post_id, content) values (71, 1, 8, 'amet diam in magna bibendum imperdiet nullam orci pede venenatis');
insert into comment (comment_id, member_id, post_id, content) values (72, 1, 8, 'est risus');
insert into comment (comment_id, member_id, post_id, content) values (73, 1, 8, 'aliquam augue quam sollicitudin vitae consectetuer eget rutrum at lorem');
insert into comment (comment_id, member_id, post_id, content) values (74, 1, 8, 'sem sed');
insert into comment (comment_id, member_id, post_id, content) values (75, 1, 8, 'fermentum donec');
insert into comment (comment_id, member_id, post_id, content) values (76, 1, 8, 'adipiscing elit proin risus praesent lectus');
insert into comment (comment_id, member_id, post_id, content) values (77, 1, 8, 'massa tempor convallis nulla neque libero convallis eget');
insert into comment (comment_id, member_id, post_id, content) values (78, 1, 8, 'duis mattis');
insert into comment (comment_id, member_id, post_id, content) values (79, 1, 8, 'integer ac leo pellentesque ultrices mattis odio');
insert into comment (comment_id, member_id, post_id, content) values (80, 1, 9, 'vestibulum ante ipsum primis in faucibus');
insert into comment (comment_id, member_id, post_id, content) values (81, 1, 9, 'at');
insert into comment (comment_id, member_id, post_id, content) values (82, 1, 9, 'eget');
insert into comment (comment_id, member_id, post_id, content) values (83, 1, 9, 'purus sit amet nulla quisque');
insert into comment (comment_id, member_id, post_id, content) values (84, 1, 9, 'nonummy maecenas tincidunt lacus at velit');
insert into comment (comment_id, member_id, post_id, content) values (85, 1, 9, 'at');
insert into comment (comment_id, member_id, post_id, content) values (86, 1, 9, 'sit amet nunc');
insert into comment (comment_id, member_id, post_id, content) values (87, 1, 9, 'condimentum neque sapien placerat ante nulla justo aliquam quis turpis');
insert into comment (comment_id, member_id, post_id, content) values (88, 1, 9, 'morbi vel lectus');
insert into comment (comment_id, member_id, post_id, content) values (89, 1, 9, 'sed interdum venenatis turpis enim');
insert into comment (comment_id, member_id, post_id, content) values (90, 1, 10, 'morbi non quam nec dui luctus');
insert into comment (comment_id, member_id, post_id, content) values (91, 1, 10, 'molestie sed justo pellentesque viverra');
insert into comment (comment_id, member_id, post_id, content) values (92, 1, 10, 'consequat nulla nisl nunc nisl');
insert into comment (comment_id, member_id, post_id, content) values (93, 1, 10, 'maecenas ut massa quis augue luctus tincidunt');
insert into comment (comment_id, member_id, post_id, content) values (94, 1, 10, 'vitae ipsum aliquam non');
insert into comment (comment_id, member_id, post_id, content) values (95, 1, 10, 'nunc viverra dapibus nulla suscipit');
insert into comment (comment_id, member_id, post_id, content) values (96, 1, 10, 'neque aenean auctor gravida sem praesent id massa id');
insert into comment (comment_id, member_id, post_id, content) values (97, 1, 10, 'id pretium iaculis diam erat fermentum justo nec condimentum');
insert into comment (comment_id, member_id, post_id, content) values (98, 1, 10, 'ac consequat metus');
insert into comment (comment_id, member_id, post_id, content) values (99, 1, 10, 'sed');
insert into comment (comment_id, member_id, post_id, content) values (100, 1, 11, 'viverra eget congue eget semper rutrum nulla');
insert into comment (comment_id, member_id, post_id, content) values (101, 1, 11, 'lobortis ligula sit amet eleifend');
insert into comment (comment_id, member_id, post_id, content) values (102, 1, 11, 'justo sollicitudin');
insert into comment (comment_id, member_id, post_id, content) values (103, 1, 11, 'natoque penatibus et magnis dis parturient montes nascetur ridiculus mus');
insert into comment (comment_id, member_id, post_id, content) values (104, 1, 11, 'ac consequat metus sapien ut nunc vestibulum ante ipsum');
insert into comment (comment_id, member_id, post_id, content) values (105, 1, 11, 'tincidunt ante vel ipsum praesent blandit lacinia');
insert into comment (comment_id, member_id, post_id, content) values (106, 1, 11, 'nisl nunc rhoncus dui vel sem sed sagittis');
insert into comment (comment_id, member_id, post_id, content) values (107, 1, 11, 'neque vestibulum eget vulputate');
insert into comment (comment_id, member_id, post_id, content) values (108, 1, 11, 'vivamus metus arcu adipiscing molestie hendrerit at vulputate');
insert into comment (comment_id, member_id, post_id, content) values (109, 1, 11, 'vestibulum sed magna at nunc commodo placerat praesent blandit nam');
insert into comment (comment_id, member_id, post_id, content) values (110, 1, 12, 'duis consequat dui nec nisi volutpat eleifend donec ut dolor');
insert into comment (comment_id, member_id, post_id, content) values (111, 1, 12, 'pede malesuada in');
insert into comment (comment_id, member_id, post_id, content) values (112, 1, 12, 'porttitor lacus at turpis donec posuere metus');
insert into comment (comment_id, member_id, post_id, content) values (113, 1, 12, 'lectus pellentesque at nulla suspendisse');
insert into comment (comment_id, member_id, post_id, content) values (114, 1, 12, 'massa id nisl venenatis');
insert into comment (comment_id, member_id, post_id, content) values (115, 1, 12, 'quam');
insert into comment (comment_id, member_id, post_id, content) values (116, 1, 12, 'dictumst aliquam augue quam sollicitudin vitae consectetuer eget rutrum');
insert into comment (comment_id, member_id, post_id, content) values (117, 1, 12, 'nisl venenatis lacinia aenean sit amet justo morbi ut odio');
insert into comment (comment_id, member_id, post_id, content) values (118, 1, 12, 'nulla sed vel enim sit amet nunc viverra dapibus nulla');
insert into comment (comment_id, member_id, post_id, content) values (119, 1, 12, 'lectus vestibulum quam sapien varius ut blandit non interdum');
insert into comment (comment_id, member_id, post_id, content) values (120, 1, 13, 'aliquam convallis nunc proin at');
insert into comment (comment_id, member_id, post_id, content) values (121, 1, 13, 'sit amet eleifend pede libero quis orci nullam molestie');
insert into comment (comment_id, member_id, post_id, content) values (122, 1, 13, 'nec nisi volutpat eleifend donec ut dolor morbi vel');
insert into comment (comment_id, member_id, post_id, content) values (123, 1, 13, 'parturient montes');
insert into comment (comment_id, member_id, post_id, content) values (124, 1, 13, 'lorem ipsum dolor sit amet consectetuer adipiscing');
insert into comment (comment_id, member_id, post_id, content) values (125, 1, 13, 'quis turpis sed ante vivamus tortor');
insert into comment (comment_id, member_id, post_id, content) values (126, 1, 13, 'libero nullam');
insert into comment (comment_id, member_id, post_id, content) values (127, 1, 13, 'non mattis pulvinar nulla pede');
insert into comment (comment_id, member_id, post_id, content) values (128, 1, 13, 'cum sociis natoque penatibus et magnis');
insert into comment (comment_id, member_id, post_id, content) values (129, 1, 13, 'ligula nec sem duis aliquam convallis nunc');
insert into comment (comment_id, member_id, post_id, content) values (130, 1, 14, 'nibh in hac habitasse platea dictumst aliquam');
insert into comment (comment_id, member_id, post_id, content) values (131, 1, 14, 'magna vestibulum aliquet ultrices erat tortor sollicitudin mi');
insert into comment (comment_id, member_id, post_id, content) values (132, 1, 14, 'sem fusce consequat nulla nisl nunc nisl duis');
insert into comment (comment_id, member_id, post_id, content) values (133, 1, 14, 'sed vel');
insert into comment (comment_id, member_id, post_id, content) values (134, 1, 14, 'at lorem integer tincidunt ante vel');
insert into comment (comment_id, member_id, post_id, content) values (135, 1, 14, 'nec sem');
insert into comment (comment_id, member_id, post_id, content) values (136, 1, 14, 'adipiscing elit');
insert into comment (comment_id, member_id, post_id, content) values (137, 1, 14, 'sapien urna pretium nisl ut');
insert into comment (comment_id, member_id, post_id, content) values (138, 1, 14, 'tempus semper est quam');
insert into comment (comment_id, member_id, post_id, content) values (139, 1, 14, 'cubilia curae duis faucibus');
insert into comment (comment_id, member_id, post_id, content) values (140, 1, 15, 'sollicitudin mi');
insert into comment (comment_id, member_id, post_id, content) values (141, 1, 15, 'eu magna vulputate luctus cum sociis natoque penatibus et');
insert into comment (comment_id, member_id, post_id, content) values (142, 1, 15, 'orci luctus et ultrices posuere cubilia curae duis faucibus');
insert into comment (comment_id, member_id, post_id, content) values (143, 1, 15, 'cum sociis natoque penatibus et');
insert into comment (comment_id, member_id, post_id, content) values (144, 1, 15, 'blandit nam nulla integer pede justo');
insert into comment (comment_id, member_id, post_id, content) values (145, 1, 15, 'congue eget semper rutrum nulla');
insert into comment (comment_id, member_id, post_id, content) values (146, 1, 15, 'justo sollicitudin ut suscipit a feugiat et eros vestibulum');
insert into comment (comment_id, member_id, post_id, content) values (147, 1, 15, 'amet sapien dignissim vestibulum vestibulum ante ipsum');
insert into comment (comment_id, member_id, post_id, content) values (148, 1, 15, 'integer aliquet massa id lobortis convallis tortor risus');
insert into comment (comment_id, member_id, post_id, content) values (149, 1, 15, 'rutrum nulla nunc purus phasellus in felis');
insert into comment (comment_id, member_id, post_id, content) values (150, 1, 16, 'elit proin interdum mauris non ligula pellentesque ultrices phasellus id');
insert into comment (comment_id, member_id, post_id, content) values (151, 1, 16, 'in');
insert into comment (comment_id, member_id, post_id, content) values (152, 1, 16, 'lacus at velit');
insert into comment (comment_id, member_id, post_id, content) values (153, 1, 16, 'praesent blandit nam nulla integer');
insert into comment (comment_id, member_id, post_id, content) values (154, 1, 16, 'varius nulla facilisi cras non velit');
insert into comment (comment_id, member_id, post_id, content) values (155, 1, 16, 'varius nulla facilisi cras non velit nec nisi vulputate');
insert into comment (comment_id, member_id, post_id, content) values (156, 1, 16, 'aliquam convallis nunc proin at turpis a pede posuere');
insert into comment (comment_id, member_id, post_id, content) values (157, 1, 16, 'ipsum praesent blandit lacinia erat vestibulum sed');
insert into comment (comment_id, member_id, post_id, content) values (158, 1, 16, 'quisque arcu libero rutrum ac lobortis vel dapibus');
insert into comment (comment_id, member_id, post_id, content) values (159, 1, 16, 'in faucibus orci');
insert into comment (comment_id, member_id, post_id, content) values (160, 1, 17, 'aliquam lacus morbi quis tortor id nulla ultrices aliquet maecenas');
insert into comment (comment_id, member_id, post_id, content) values (161, 1, 17, 'ut rhoncus aliquet pulvinar sed nisl nunc rhoncus dui vel');
insert into comment (comment_id, member_id, post_id, content) values (162, 1, 17, 'est et');
insert into comment (comment_id, member_id, post_id, content) values (163, 1, 17, 'orci pede venenatis non sodales');
insert into comment (comment_id, member_id, post_id, content) values (164, 1, 17, 'in hac habitasse platea');
insert into comment (comment_id, member_id, post_id, content) values (165, 1, 17, 'vestibulum sit');
insert into comment (comment_id, member_id, post_id, content) values (166, 1, 17, 'sapien sapien non mi integer ac neque duis');
insert into comment (comment_id, member_id, post_id, content) values (167, 1, 17, 'tortor sollicitudin');
insert into comment (comment_id, member_id, post_id, content) values (168, 1, 17, 'dui maecenas tristique est et tempus');
insert into comment (comment_id, member_id, post_id, content) values (169, 1, 17, 'rhoncus dui vel sem sed');
insert into comment (comment_id, member_id, post_id, content) values (170, 1, 18, 'sit amet nunc viverra dapibus');
insert into comment (comment_id, member_id, post_id, content) values (171, 1, 18, 'lacinia sapien quis libero nullam sit amet');
insert into comment (comment_id, member_id, post_id, content) values (172, 1, 18, 'vel augue vestibulum');
insert into comment (comment_id, member_id, post_id, content) values (173, 1, 18, 'pede justo eu massa donec dapibus duis at');
insert into comment (comment_id, member_id, post_id, content) values (174, 1, 18, 'tellus nulla ut erat id mauris vulputate');
insert into comment (comment_id, member_id, post_id, content) values (175, 1, 18, 'sed interdum venenatis turpis enim blandit');
insert into comment (comment_id, member_id, post_id, content) values (176, 1, 18, 'felis sed lacus morbi');
insert into comment (comment_id, member_id, post_id, content) values (177, 1, 18, 'vestibulum velit id pretium iaculis diam');
insert into comment (comment_id, member_id, post_id, content) values (178, 1, 18, 'ante nulla justo aliquam quis');
insert into comment (comment_id, member_id, post_id, content) values (179, 1, 18, 'non mauris morbi non lectus');
insert into comment (comment_id, member_id, post_id, content) values (180, 1, 19, 'in quam fringilla rhoncus mauris');
insert into comment (comment_id, member_id, post_id, content) values (181, 1, 19, 'vitae consectetuer eget rutrum at lorem integer tincidunt ante');
insert into comment (comment_id, member_id, post_id, content) values (182, 1, 19, 'rhoncus mauris enim');
insert into comment (comment_id, member_id, post_id, content) values (183, 1, 19, 'libero nullam sit amet');
insert into comment (comment_id, member_id, post_id, content) values (184, 1, 19, 'morbi ut odio cras mi pede malesuada in');
insert into comment (comment_id, member_id, post_id, content) values (185, 1, 19, 'fusce congue diam id ornare imperdiet sapien urna pretium');
insert into comment (comment_id, member_id, post_id, content) values (186, 1, 19, 'vivamus vestibulum sagittis sapien cum sociis natoque penatibus');
insert into comment (comment_id, member_id, post_id, content) values (187, 1, 19, 'pulvinar lobortis est');
insert into comment (comment_id, member_id, post_id, content) values (188, 1, 19, 'lacinia nisi venenatis tristique fusce congue diam');
insert into comment (comment_id, member_id, post_id, content) values (189, 1, 19, 'ut at dolor quis odio consequat varius integer ac leo');
insert into comment (comment_id, member_id, post_id, content) values (190, 1, 20, 'potenti cras in');
insert into comment (comment_id, member_id, post_id, content) values (191, 1, 20, 'praesent blandit lacinia erat vestibulum sed magna at nunc');
insert into comment (comment_id, member_id, post_id, content) values (192, 1, 20, 'morbi porttitor');
insert into comment (comment_id, member_id, post_id, content) values (193, 1, 20, 'erat quisque erat eros viverra eget congue eget');
insert into comment (comment_id, member_id, post_id, content) values (194, 1, 20, 'habitasse');
insert into comment (comment_id, member_id, post_id, content) values (195, 1, 20, 'pellentesque at nulla suspendisse');
insert into comment (comment_id, member_id, post_id, content) values (196, 1, 20, 'nibh ligula nec sem duis');
insert into comment (comment_id, member_id, post_id, content) values (197, 1, 20, 'pede malesuada in imperdiet et commodo vulputate justo');
insert into comment (comment_id, member_id, post_id, content) values (198, 1, 20, 'enim leo rhoncus sed');
insert into comment (comment_id, member_id, post_id, content) values (199, 1, 20, 'integer ac leo pellentesque ultrices mattis odio');
insert into comment (comment_id, member_id, post_id, content) values (200, 1, 21, 'libero convallis eget eleifend luctus ultricies eu nibh');
insert into comment (comment_id, member_id, post_id, content) values (201, 1, 21, 'scelerisque quam turpis adipiscing lorem vitae');
insert into comment (comment_id, member_id, post_id, content) values (202, 1, 21, 'enim blandit mi in porttitor pede');
insert into comment (comment_id, member_id, post_id, content) values (203, 1, 21, 'turpis sed ante vivamus tortor');
insert into comment (comment_id, member_id, post_id, content) values (204, 1, 21, 'sapien cursus vestibulum proin eu mi nulla ac enim in');
insert into comment (comment_id, member_id, post_id, content) values (205, 1, 21, 'vel augue vestibulum rutrum rutrum');
insert into comment (comment_id, member_id, post_id, content) values (206, 1, 21, 'phasellus sit amet erat nulla tempus vivamus in');
insert into comment (comment_id, member_id, post_id, content) values (207, 1, 21, 'magnis dis parturient montes');
insert into comment (comment_id, member_id, post_id, content) values (208, 1, 21, 'libero quis orci nullam molestie nibh in lectus pellentesque at');
insert into comment (comment_id, member_id, post_id, content) values (209, 1, 21, 'sapien a libero nam dui proin leo odio');
insert into comment (comment_id, member_id, post_id, content) values (210, 1, 22, 'massa quis');
insert into comment (comment_id, member_id, post_id, content) values (211, 1, 22, 'orci pede venenatis non');
insert into comment (comment_id, member_id, post_id, content) values (212, 1, 22, 'in felis eu sapien cursus vestibulum proin eu mi');
insert into comment (comment_id, member_id, post_id, content) values (213, 1, 22, 'diam cras pellentesque volutpat dui maecenas');
insert into comment (comment_id, member_id, post_id, content) values (214, 1, 22, 'vitae nisi');
insert into comment (comment_id, member_id, post_id, content) values (215, 1, 22, 'quisque id justo sit amet sapien dignissim vestibulum vestibulum');
insert into comment (comment_id, member_id, post_id, content) values (216, 1, 22, 'ut massa quis augue luctus tincidunt nulla mollis molestie');
insert into comment (comment_id, member_id, post_id, content) values (217, 1, 22, 'phasellus sit amet erat nulla tempus vivamus in felis eu');
insert into comment (comment_id, member_id, post_id, content) values (218, 1, 22, 'pede');
insert into comment (comment_id, member_id, post_id, content) values (219, 1, 22, 'pharetra magna vestibulum aliquet ultrices erat tortor sollicitudin mi');
insert into comment (comment_id, member_id, post_id, content) values (220, 1, 23, 'pellentesque eget nunc donec quis');
insert into comment (comment_id, member_id, post_id, content) values (221, 1, 23, 'mauris non ligula pellentesque ultrices phasellus');
insert into comment (comment_id, member_id, post_id, content) values (222, 1, 23, 'condimentum neque sapien placerat ante nulla justo aliquam quis');
insert into comment (comment_id, member_id, post_id, content) values (223, 1, 23, 'varius');
insert into comment (comment_id, member_id, post_id, content) values (224, 1, 23, 'in hac habitasse platea dictumst aliquam augue quam sollicitudin');
insert into comment (comment_id, member_id, post_id, content) values (225, 1, 23, 'amet consectetuer adipiscing elit proin interdum');
insert into comment (comment_id, member_id, post_id, content) values (226, 1, 23, 'hendrerit at vulputate vitae nisl');
insert into comment (comment_id, member_id, post_id, content) values (227, 1, 23, 'scelerisque mauris sit amet');
insert into comment (comment_id, member_id, post_id, content) values (228, 1, 23, 'hendrerit at vulputate vitae nisl aenean lectus pellentesque eget nunc');
insert into comment (comment_id, member_id, post_id, content) values (229, 1, 23, 'eleifend quam a');
insert into comment (comment_id, member_id, post_id, content) values (230, 1, 24, 'amet erat');
insert into comment (comment_id, member_id, post_id, content) values (231, 1, 24, 'vivamus vestibulum sagittis sapien cum sociis natoque penatibus');
insert into comment (comment_id, member_id, post_id, content) values (232, 1, 24, 'nec nisi vulputate nonummy maecenas tincidunt lacus at velit');
insert into comment (comment_id, member_id, post_id, content) values (233, 1, 24, 'purus eu');
insert into comment (comment_id, member_id, post_id, content) values (234, 1, 24, 'eget elit sodales scelerisque mauris sit amet eros');
insert into comment (comment_id, member_id, post_id, content) values (235, 1, 24, 'viverra pede ac diam cras');
insert into comment (comment_id, member_id, post_id, content) values (236, 1, 24, 'egestas metus aenean');
insert into comment (comment_id, member_id, post_id, content) values (237, 1, 24, 'ultrices libero non mattis pulvinar nulla pede ullamcorper augue');
insert into comment (comment_id, member_id, post_id, content) values (238, 1, 24, 'commodo placerat praesent blandit nam nulla integer pede');
insert into comment (comment_id, member_id, post_id, content) values (239, 1, 24, 'quis libero nullam sit amet turpis elementum ligula vehicula consequat');
insert into comment (comment_id, member_id, post_id, content) values (240, 1, 25, 'in hac');
insert into comment (comment_id, member_id, post_id, content) values (241, 1, 25, 'eu nibh quisque id');
insert into comment (comment_id, member_id, post_id, content) values (242, 1, 25, 'rhoncus sed vestibulum sit amet cursus id turpis');
insert into comment (comment_id, member_id, post_id, content) values (243, 1, 25, 'sit amet cursus id turpis');
insert into comment (comment_id, member_id, post_id, content) values (244, 1, 25, 'morbi porttitor lorem id');
insert into comment (comment_id, member_id, post_id, content) values (245, 1, 25, 'aenean');
insert into comment (comment_id, member_id, post_id, content) values (246, 1, 25, 'donec posuere metus vitae ipsum aliquam non mauris morbi non');
insert into comment (comment_id, member_id, post_id, content) values (247, 1, 25, 'quis turpis eget elit sodales scelerisque mauris');
insert into comment (comment_id, member_id, post_id, content) values (248, 1, 25, 'faucibus orci');
insert into comment (comment_id, member_id, post_id, content) values (249, 1, 25, 'phasellus in felis donec semper sapien');
insert into comment (comment_id, member_id, post_id, content) values (250, 1, 26, 'non mauris morbi non lectus aliquam sit amet diam in');
insert into comment (comment_id, member_id, post_id, content) values (251, 1, 26, 'aliquet massa');
insert into comment (comment_id, member_id, post_id, content) values (252, 1, 26, 'dictumst maecenas ut massa quis augue luctus');
insert into comment (comment_id, member_id, post_id, content) values (253, 1, 26, 'eu felis fusce posuere felis sed');
insert into comment (comment_id, member_id, post_id, content) values (254, 1, 26, 'curae duis faucibus accumsan odio curabitur convallis duis consequat dui');
insert into comment (comment_id, member_id, post_id, content) values (255, 1, 26, 'ipsum dolor sit');
insert into comment (comment_id, member_id, post_id, content) values (256, 1, 26, 'natoque');
insert into comment (comment_id, member_id, post_id, content) values (257, 1, 26, 'arcu libero rutrum ac lobortis vel dapibus at diam');
insert into comment (comment_id, member_id, post_id, content) values (258, 1, 26, 'eu tincidunt in leo maecenas pulvinar lobortis');
insert into comment (comment_id, member_id, post_id, content) values (259, 1, 26, 'aliquet pulvinar sed nisl');
insert into comment (comment_id, member_id, post_id, content) values (260, 1, 27, 'luctus tincidunt nulla mollis molestie');
insert into comment (comment_id, member_id, post_id, content) values (261, 1, 27, 'pellentesque at nulla suspendisse potenti');
insert into comment (comment_id, member_id, post_id, content) values (262, 1, 27, 'sapien a libero nam dui proin leo odio');
insert into comment (comment_id, member_id, post_id, content) values (263, 1, 27, 'suscipit');
insert into comment (comment_id, member_id, post_id, content) values (264, 1, 27, 'pede justo eu massa donec dapibus duis at velit');
insert into comment (comment_id, member_id, post_id, content) values (265, 1, 27, 'nisi nam ultrices');
insert into comment (comment_id, member_id, post_id, content) values (266, 1, 27, 'mi nulla ac enim in tempor turpis nec');
insert into comment (comment_id, member_id, post_id, content) values (267, 1, 27, 'quam turpis');
insert into comment (comment_id, member_id, post_id, content) values (268, 1, 27, 'odio donec vitae nisi nam ultrices libero non mattis pulvinar');
insert into comment (comment_id, member_id, post_id, content) values (269, 1, 27, 'in magna');
insert into comment (comment_id, member_id, post_id, content) values (270, 1, 28, 'interdum eu tincidunt in leo maecenas');
insert into comment (comment_id, member_id, post_id, content) values (271, 1, 28, 'venenatis lacinia aenean sit amet justo morbi ut odio');
insert into comment (comment_id, member_id, post_id, content) values (272, 1, 28, 'nunc nisl duis bibendum felis sed interdum venenatis turpis enim');
insert into comment (comment_id, member_id, post_id, content) values (273, 1, 28, 'leo maecenas');
insert into comment (comment_id, member_id, post_id, content) values (274, 1, 28, 'rutrum at lorem integer tincidunt ante vel ipsum');
insert into comment (comment_id, member_id, post_id, content) values (275, 1, 28, 'amet');
insert into comment (comment_id, member_id, post_id, content) values (276, 1, 28, 'in tempus sit amet sem');
insert into comment (comment_id, member_id, post_id, content) values (277, 1, 28, 'fusce posuere felis sed lacus morbi sem mauris laoreet');
insert into comment (comment_id, member_id, post_id, content) values (278, 1, 28, 'sed ante vivamus tortor duis mattis egestas');
insert into comment (comment_id, member_id, post_id, content) values (279, 1, 28, 'vulputate vitae nisl aenean lectus pellentesque eget nunc donec');
insert into comment (comment_id, member_id, post_id, content) values (280, 1, 29, 'parturient montes nascetur ridiculus mus vivamus vestibulum sagittis sapien cum');
insert into comment (comment_id, member_id, post_id, content) values (281, 1, 29, 'sem sed sagittis nam congue risus semper');
insert into comment (comment_id, member_id, post_id, content) values (282, 1, 29, 'in imperdiet et commodo vulputate justo in blandit ultrices enim');
insert into comment (comment_id, member_id, post_id, content) values (283, 1, 29, 'nec sem');
insert into comment (comment_id, member_id, post_id, content) values (284, 1, 29, 'eros vestibulum ac est');
insert into comment (comment_id, member_id, post_id, content) values (285, 1, 29, 'amet lobortis sapien sapien non mi integer ac neque duis');
insert into comment (comment_id, member_id, post_id, content) values (286, 1, 29, 'quam a odio in hac habitasse platea dictumst maecenas ut');
insert into comment (comment_id, member_id, post_id, content) values (287, 1, 29, 'etiam justo etiam pretium iaculis');
insert into comment (comment_id, member_id, post_id, content) values (288, 1, 29, 'tincidunt eget tempus vel pede morbi porttitor lorem id');
insert into comment (comment_id, member_id, post_id, content) values (289, 1, 29, 'consequat varius integer ac leo pellentesque ultrices mattis odio donec');
insert into comment (comment_id, member_id, post_id, content) values (290, 1, 30, 'vestibulum ante ipsum primis in faucibus');
insert into comment (comment_id, member_id, post_id, content) values (291, 1, 30, 'felis sed lacus morbi sem mauris laoreet ut rhoncus');
insert into comment (comment_id, member_id, post_id, content) values (292, 1, 30, 'nulla ac enim in tempor');
insert into comment (comment_id, member_id, post_id, content) values (293, 1, 30, 'vel enim sit amet nunc viverra dapibus');
insert into comment (comment_id, member_id, post_id, content) values (294, 1, 30, 'bibendum imperdiet nullam orci pede venenatis non sodales sed tincidunt');
insert into comment (comment_id, member_id, post_id, content) values (295, 1, 30, 'congue vivamus metus arcu adipiscing molestie');
insert into comment (comment_id, member_id, post_id, content) values (296, 1, 30, 'libero quis orci nullam molestie nibh in lectus pellentesque at');
insert into comment (comment_id, member_id, post_id, content) values (297, 1, 30, 'augue luctus tincidunt nulla mollis molestie lorem');
insert into comment (comment_id, member_id, post_id, content) values (298, 1, 30, 'justo sollicitudin');
insert into comment (comment_id, member_id, post_id, content) values (299, 1, 30, 'semper est');
insert into comment (comment_id, member_id, post_id, content) values (300, 1, 31, 'non interdum in ante vestibulum');
insert into comment (comment_id, member_id, post_id, content) values (301, 1, 31, 'aliquet ultrices erat tortor');
insert into comment (comment_id, member_id, post_id, content) values (302, 1, 31, 'aliquam lacus morbi quis');
insert into comment (comment_id, member_id, post_id, content) values (303, 1, 31, 'sapien');
insert into comment (comment_id, member_id, post_id, content) values (304, 1, 31, 'sem fusce consequat nulla nisl nunc nisl duis bibendum felis');
insert into comment (comment_id, member_id, post_id, content) values (305, 1, 31, 'vestibulum');
insert into comment (comment_id, member_id, post_id, content) values (306, 1, 31, 'sit amet consectetuer adipiscing');
insert into comment (comment_id, member_id, post_id, content) values (307, 1, 31, 'ut ultrices vel augue vestibulum ante ipsum');
insert into comment (comment_id, member_id, post_id, content) values (308, 1, 31, 'est risus auctor sed tristique in tempus');
insert into comment (comment_id, member_id, post_id, content) values (309, 1, 31, 'ut dolor morbi vel lectus in quam fringilla');
insert into comment (comment_id, member_id, post_id, content) values (310, 1, 32, 'egestas metus aenean fermentum');
insert into comment (comment_id, member_id, post_id, content) values (311, 1, 32, 'donec semper sapien a libero');
insert into comment (comment_id, member_id, post_id, content) values (312, 1, 32, 'at velit eu est');
insert into comment (comment_id, member_id, post_id, content) values (313, 1, 32, 'at vulputate vitae');
insert into comment (comment_id, member_id, post_id, content) values (314, 1, 32, 'pellentesque eget nunc donec quis orci eget');
insert into comment (comment_id, member_id, post_id, content) values (315, 1, 32, 'in quis justo maecenas rhoncus aliquam lacus morbi quis tortor');
insert into comment (comment_id, member_id, post_id, content) values (316, 1, 32, 'vel nisl duis ac');
insert into comment (comment_id, member_id, post_id, content) values (317, 1, 32, 'quis justo maecenas rhoncus aliquam');
insert into comment (comment_id, member_id, post_id, content) values (318, 1, 32, 'ante ipsum primis in faucibus orci luctus et ultrices');
insert into comment (comment_id, member_id, post_id, content) values (319, 1, 32, 'et');
insert into comment (comment_id, member_id, post_id, content) values (320, 1, 33, 'nulla neque libero convallis eget');
insert into comment (comment_id, member_id, post_id, content) values (321, 1, 33, 'non velit donec diam neque');
insert into comment (comment_id, member_id, post_id, content) values (322, 1, 33, 'ut rhoncus aliquet pulvinar sed nisl');
insert into comment (comment_id, member_id, post_id, content) values (323, 1, 33, 'morbi quis tortor id nulla ultrices');
insert into comment (comment_id, member_id, post_id, content) values (324, 1, 33, 'libero nam dui proin leo odio porttitor id consequat in');
insert into comment (comment_id, member_id, post_id, content) values (325, 1, 33, 'ultrices');
insert into comment (comment_id, member_id, post_id, content) values (326, 1, 33, 'eu');
insert into comment (comment_id, member_id, post_id, content) values (327, 1, 33, 'a suscipit nulla');
insert into comment (comment_id, member_id, post_id, content) values (328, 1, 33, 'vulputate ut ultrices vel');
insert into comment (comment_id, member_id, post_id, content) values (329, 1, 33, 'nullam orci');
insert into comment (comment_id, member_id, post_id, content) values (330, 1, 34, 'erat');
insert into comment (comment_id, member_id, post_id, content) values (331, 1, 34, 'elementum');
insert into comment (comment_id, member_id, post_id, content) values (332, 1, 34, 'neque sapien');
insert into comment (comment_id, member_id, post_id, content) values (333, 1, 34, 'posuere cubilia curae');
insert into comment (comment_id, member_id, post_id, content) values (334, 1, 34, 'integer non velit donec diam');
insert into comment (comment_id, member_id, post_id, content) values (335, 1, 34, 'erat');
insert into comment (comment_id, member_id, post_id, content) values (336, 1, 34, 'blandit mi in porttitor pede justo eu');
insert into comment (comment_id, member_id, post_id, content) values (337, 1, 34, 'augue vestibulum rutrum rutrum neque aenean auctor gravida sem praesent');
insert into comment (comment_id, member_id, post_id, content) values (338, 1, 34, 'neque duis bibendum morbi non');
insert into comment (comment_id, member_id, post_id, content) values (339, 1, 34, 'etiam justo etiam pretium iaculis justo');
insert into comment (comment_id, member_id, post_id, content) values (340, 1, 35, 'ut blandit non interdum in');
insert into comment (comment_id, member_id, post_id, content) values (341, 1, 35, 'sit amet consectetuer adipiscing elit proin interdum mauris');
insert into comment (comment_id, member_id, post_id, content) values (342, 1, 35, 'viverra diam vitae quam suspendisse potenti nullam');
insert into comment (comment_id, member_id, post_id, content) values (343, 1, 35, 'etiam pretium iaculis justo in hac');
insert into comment (comment_id, member_id, post_id, content) values (344, 1, 35, 'lacus morbi sem mauris laoreet');
insert into comment (comment_id, member_id, post_id, content) values (345, 1, 35, 'cum sociis natoque penatibus');
insert into comment (comment_id, member_id, post_id, content) values (346, 1, 35, 'nisl ut volutpat sapien arcu sed augue aliquam erat volutpat');
insert into comment (comment_id, member_id, post_id, content) values (347, 1, 35, 'curabitur convallis duis consequat dui');
insert into comment (comment_id, member_id, post_id, content) values (348, 1, 35, 'nam tristique');
insert into comment (comment_id, member_id, post_id, content) values (349, 1, 35, 'justo eu massa donec dapibus duis at');
insert into comment (comment_id, member_id, post_id, content) values (350, 1, 36, 'faucibus cursus urna');
insert into comment (comment_id, member_id, post_id, content) values (351, 1, 36, 'vulputate ut ultrices vel');
insert into comment (comment_id, member_id, post_id, content) values (352, 1, 36, 'amet');
insert into comment (comment_id, member_id, post_id, content) values (353, 1, 36, 'neque');
insert into comment (comment_id, member_id, post_id, content) values (354, 1, 36, 'lobortis convallis tortor risus dapibus augue');
insert into comment (comment_id, member_id, post_id, content) values (355, 1, 36, 'phasellus');
insert into comment (comment_id, member_id, post_id, content) values (356, 1, 36, 'turpis eget');
insert into comment (comment_id, member_id, post_id, content) values (357, 1, 36, 'amet nunc viverra dapibus nulla suscipit ligula in');
insert into comment (comment_id, member_id, post_id, content) values (358, 1, 36, 'imperdiet sapien urna pretium nisl ut volutpat sapien');
insert into comment (comment_id, member_id, post_id, content) values (359, 1, 36, 'aliquam sit amet diam in magna bibendum imperdiet');
insert into comment (comment_id, member_id, post_id, content) values (360, 1, 37, 'platea dictumst aliquam augue quam sollicitudin vitae consectetuer eget');
insert into comment (comment_id, member_id, post_id, content) values (361, 1, 37, 'mauris vulputate');
insert into comment (comment_id, member_id, post_id, content) values (362, 1, 37, 'eu mi nulla');
insert into comment (comment_id, member_id, post_id, content) values (363, 1, 37, 'consectetuer');
insert into comment (comment_id, member_id, post_id, content) values (364, 1, 37, 'vestibulum');
insert into comment (comment_id, member_id, post_id, content) values (365, 1, 37, 'eu nibh quisque id justo sit amet sapien dignissim');
insert into comment (comment_id, member_id, post_id, content) values (366, 1, 37, 'platea dictumst etiam faucibus cursus urna');
insert into comment (comment_id, member_id, post_id, content) values (367, 1, 37, 'mi integer ac neque duis bibendum');
insert into comment (comment_id, member_id, post_id, content) values (368, 1, 37, 'in');
insert into comment (comment_id, member_id, post_id, content) values (369, 1, 37, 'tellus semper interdum mauris ullamcorper purus sit');
insert into comment (comment_id, member_id, post_id, content) values (370, 1, 38, 'eros elementum pellentesque quisque porta volutpat erat quisque erat eros');
insert into comment (comment_id, member_id, post_id, content) values (371, 1, 38, 'platea dictumst morbi');
insert into comment (comment_id, member_id, post_id, content) values (372, 1, 38, 'lectus');
insert into comment (comment_id, member_id, post_id, content) values (373, 1, 38, 'nec dui');
insert into comment (comment_id, member_id, post_id, content) values (374, 1, 38, 'vulputate luctus');
insert into comment (comment_id, member_id, post_id, content) values (375, 1, 38, 'vel dapibus at');
insert into comment (comment_id, member_id, post_id, content) values (376, 1, 38, 'sapien non mi integer');
insert into comment (comment_id, member_id, post_id, content) values (377, 1, 38, 'nulla neque libero');
insert into comment (comment_id, member_id, post_id, content) values (378, 1, 38, 'morbi vel lectus in quam fringilla rhoncus');
insert into comment (comment_id, member_id, post_id, content) values (379, 1, 38, 'orci eget orci vehicula condimentum curabitur in libero ut');
insert into comment (comment_id, member_id, post_id, content) values (380, 1, 39, 'neque libero convallis eget');
insert into comment (comment_id, member_id, post_id, content) values (381, 1, 39, 'nulla nisl nunc nisl duis bibendum');
insert into comment (comment_id, member_id, post_id, content) values (382, 1, 39, 'primis in');
insert into comment (comment_id, member_id, post_id, content) values (383, 1, 39, 'consequat metus sapien ut nunc vestibulum');
insert into comment (comment_id, member_id, post_id, content) values (384, 1, 39, 'ridiculus');
insert into comment (comment_id, member_id, post_id, content) values (385, 1, 39, 'sed justo pellentesque viverra pede ac diam cras pellentesque');
insert into comment (comment_id, member_id, post_id, content) values (386, 1, 39, 'orci mauris lacinia sapien quis');
insert into comment (comment_id, member_id, post_id, content) values (387, 1, 39, 'in leo maecenas pulvinar lobortis est phasellus');
insert into comment (comment_id, member_id, post_id, content) values (388, 1, 39, 'nec condimentum neque sapien placerat ante nulla justo');
insert into comment (comment_id, member_id, post_id, content) values (389, 1, 39, 'rutrum ac');
insert into comment (comment_id, member_id, post_id, content) values (390, 1, 40, 'vivamus');
insert into comment (comment_id, member_id, post_id, content) values (391, 1, 40, 'pede justo lacinia eget tincidunt');
insert into comment (comment_id, member_id, post_id, content) values (392, 1, 40, 'volutpat in congue etiam justo etiam pretium');
insert into comment (comment_id, member_id, post_id, content) values (393, 1, 40, 'ac enim in tempor turpis nec euismod');
insert into comment (comment_id, member_id, post_id, content) values (394, 1, 40, 'hac habitasse');
insert into comment (comment_id, member_id, post_id, content) values (395, 1, 40, 'dis parturient montes');
insert into comment (comment_id, member_id, post_id, content) values (396, 1, 40, 'scelerisque mauris sit amet eros suspendisse');
insert into comment (comment_id, member_id, post_id, content) values (397, 1, 40, 'volutpat convallis morbi odio odio elementum eu');
insert into comment (comment_id, member_id, post_id, content) values (398, 1, 40, 'nulla eget eros elementum pellentesque quisque porta volutpat erat');
insert into comment (comment_id, member_id, post_id, content) values (399, 1, 40, 'sollicitudin');
insert into comment (comment_id, member_id, post_id, content) values (400, 1, 41, 'suspendisse ornare consequat');
insert into comment (comment_id, member_id, post_id, content) values (401, 1, 41, 'neque sapien placerat ante nulla');
insert into comment (comment_id, member_id, post_id, content) values (402, 1, 41, 'ac leo pellentesque');
insert into comment (comment_id, member_id, post_id, content) values (403, 1, 41, 'fusce consequat nulla nisl nunc');
insert into comment (comment_id, member_id, post_id, content) values (404, 1, 41, 'a nibh');
insert into comment (comment_id, member_id, post_id, content) values (405, 1, 41, 'proin');
insert into comment (comment_id, member_id, post_id, content) values (406, 1, 41, 'nascetur');
insert into comment (comment_id, member_id, post_id, content) values (407, 1, 41, 'augue luctus tincidunt nulla mollis molestie lorem quisque ut erat');
insert into comment (comment_id, member_id, post_id, content) values (408, 1, 41, 'ut ultrices vel augue vestibulum ante');
insert into comment (comment_id, member_id, post_id, content) values (409, 1, 41, 'velit vivamus vel nulla');
insert into comment (comment_id, member_id, post_id, content) values (410, 1, 42, 'quis turpis sed ante vivamus');
insert into comment (comment_id, member_id, post_id, content) values (411, 1, 42, 'pellentesque ultrices mattis odio donec vitae nisi');
insert into comment (comment_id, member_id, post_id, content) values (412, 1, 42, 'dolor vel');
insert into comment (comment_id, member_id, post_id, content) values (413, 1, 42, 'nulla sed vel enim sit amet');
insert into comment (comment_id, member_id, post_id, content) values (414, 1, 42, 'ipsum aliquam non mauris morbi non lectus');
insert into comment (comment_id, member_id, post_id, content) values (415, 1, 42, 'curabitur convallis duis');
insert into comment (comment_id, member_id, post_id, content) values (416, 1, 42, 'malesuada in imperdiet et commodo vulputate justo');
insert into comment (comment_id, member_id, post_id, content) values (417, 1, 42, 'nulla sed vel');
insert into comment (comment_id, member_id, post_id, content) values (418, 1, 42, 'suspendisse potenti');
insert into comment (comment_id, member_id, post_id, content) values (419, 1, 42, 'sit amet cursus id turpis integer aliquet');
insert into comment (comment_id, member_id, post_id, content) values (420, 1, 43, 'pede justo eu massa donec dapibus duis at velit eu');
insert into comment (comment_id, member_id, post_id, content) values (421, 1, 43, 'orci mauris lacinia sapien quis libero nullam sit amet turpis');
insert into comment (comment_id, member_id, post_id, content) values (422, 1, 43, 'est risus auctor sed tristique in tempus');
insert into comment (comment_id, member_id, post_id, content) values (423, 1, 43, 'lobortis convallis tortor risus');
insert into comment (comment_id, member_id, post_id, content) values (424, 1, 43, 'ac tellus semper interdum mauris ullamcorper purus sit amet nulla');
insert into comment (comment_id, member_id, post_id, content) values (425, 1, 43, 'ante ipsum primis in faucibus orci luctus');
insert into comment (comment_id, member_id, post_id, content) values (426, 1, 43, 'in lacus curabitur');
insert into comment (comment_id, member_id, post_id, content) values (427, 1, 43, 'eget rutrum at lorem integer tincidunt ante vel ipsum');
insert into comment (comment_id, member_id, post_id, content) values (428, 1, 43, 'habitasse platea dictumst morbi vestibulum velit id');
insert into comment (comment_id, member_id, post_id, content) values (429, 1, 43, 'pellentesque viverra pede');
insert into comment (comment_id, member_id, post_id, content) values (430, 1, 44, 'convallis');
insert into comment (comment_id, member_id, post_id, content) values (431, 1, 44, 'curabitur convallis duis consequat dui nec nisi volutpat eleifend donec');
insert into comment (comment_id, member_id, post_id, content) values (432, 1, 44, 'pretium quis lectus suspendisse potenti in');
insert into comment (comment_id, member_id, post_id, content) values (433, 1, 44, 'dictumst maecenas');
insert into comment (comment_id, member_id, post_id, content) values (434, 1, 44, 'tincidunt ante vel ipsum praesent');
insert into comment (comment_id, member_id, post_id, content) values (435, 1, 44, 'magnis');
insert into comment (comment_id, member_id, post_id, content) values (436, 1, 44, 'sodales scelerisque mauris');
insert into comment (comment_id, member_id, post_id, content) values (437, 1, 44, 'tincidunt eu felis fusce posuere felis sed lacus morbi');
insert into comment (comment_id, member_id, post_id, content) values (438, 1, 44, 'nunc rhoncus dui vel sem sed sagittis');
insert into comment (comment_id, member_id, post_id, content) values (439, 1, 44, 'et magnis dis parturient montes nascetur ridiculus mus vivamus');
insert into comment (comment_id, member_id, post_id, content) values (440, 1, 45, 'vulputate ut ultrices');
insert into comment (comment_id, member_id, post_id, content) values (441, 1, 45, 'nec condimentum neque');
insert into comment (comment_id, member_id, post_id, content) values (442, 1, 45, 'aliquam augue quam');
insert into comment (comment_id, member_id, post_id, content) values (443, 1, 45, 'non ligula pellentesque ultrices');
insert into comment (comment_id, member_id, post_id, content) values (444, 1, 45, 'congue vivamus metus arcu');
insert into comment (comment_id, member_id, post_id, content) values (445, 1, 45, 'id nisl venenatis lacinia aenean sit amet justo morbi');
insert into comment (comment_id, member_id, post_id, content) values (446, 1, 45, 'tempor turpis nec euismod scelerisque quam turpis adipiscing lorem vitae');
insert into comment (comment_id, member_id, post_id, content) values (447, 1, 45, 'praesent blandit lacinia erat vestibulum sed magna at nunc commodo');
insert into comment (comment_id, member_id, post_id, content) values (448, 1, 45, 'quam a odio in hac habitasse platea dictumst');
insert into comment (comment_id, member_id, post_id, content) values (449, 1, 45, 'vitae');
insert into comment (comment_id, member_id, post_id, content) values (450, 1, 46, 'turpis adipiscing lorem vitae mattis nibh ligula nec');
insert into comment (comment_id, member_id, post_id, content) values (451, 1, 46, 'elementum eu interdum eu tincidunt in');
insert into comment (comment_id, member_id, post_id, content) values (452, 1, 46, 'est congue elementum in hac habitasse platea');
insert into comment (comment_id, member_id, post_id, content) values (453, 1, 46, 'pede venenatis non');
insert into comment (comment_id, member_id, post_id, content) values (454, 1, 46, 'eget elit sodales scelerisque mauris sit amet eros suspendisse');
insert into comment (comment_id, member_id, post_id, content) values (455, 1, 46, 'adipiscing');
insert into comment (comment_id, member_id, post_id, content) values (456, 1, 46, 'dapibus at diam');
insert into comment (comment_id, member_id, post_id, content) values (457, 1, 46, 'nunc proin');
insert into comment (comment_id, member_id, post_id, content) values (458, 1, 46, 'molestie hendrerit at vulputate vitae nisl');
insert into comment (comment_id, member_id, post_id, content) values (459, 1, 46, 'ante nulla justo aliquam quis turpis eget elit sodales');
insert into comment (comment_id, member_id, post_id, content) values (460, 1, 47, 'aliquet maecenas leo odio condimentum');
insert into comment (comment_id, member_id, post_id, content) values (461, 1, 47, 'at nunc commodo placerat praesent');
insert into comment (comment_id, member_id, post_id, content) values (462, 1, 47, 'nullam porttitor lacus at turpis donec posuere metus');
insert into comment (comment_id, member_id, post_id, content) values (463, 1, 47, 'vel accumsan tellus nisi eu orci mauris lacinia');
insert into comment (comment_id, member_id, post_id, content) values (464, 1, 47, 'blandit mi in porttitor pede justo eu massa donec');
insert into comment (comment_id, member_id, post_id, content) values (465, 1, 47, 'consequat metus sapien ut nunc vestibulum ante ipsum primis');
insert into comment (comment_id, member_id, post_id, content) values (466, 1, 47, 'nulla justo aliquam quis turpis eget elit sodales scelerisque mauris');
insert into comment (comment_id, member_id, post_id, content) values (467, 1, 47, 'dui vel nisl');
insert into comment (comment_id, member_id, post_id, content) values (468, 1, 47, 'a feugiat et eros vestibulum ac');
insert into comment (comment_id, member_id, post_id, content) values (469, 1, 47, 'lacinia eget tincidunt eget tempus vel pede');
insert into comment (comment_id, member_id, post_id, content) values (470, 1, 48, 'cras');
insert into comment (comment_id, member_id, post_id, content) values (471, 1, 48, 'et ultrices posuere cubilia curae duis faucibus accumsan odio curabitur');
insert into comment (comment_id, member_id, post_id, content) values (472, 1, 48, 'dictumst etiam faucibus cursus urna');
insert into comment (comment_id, member_id, post_id, content) values (473, 1, 48, 'ultrices libero non mattis pulvinar nulla pede ullamcorper augue');
insert into comment (comment_id, member_id, post_id, content) values (474, 1, 48, 'blandit lacinia erat vestibulum sed magna at');
insert into comment (comment_id, member_id, post_id, content) values (475, 1, 48, 'laoreet ut rhoncus aliquet');
insert into comment (comment_id, member_id, post_id, content) values (476, 1, 48, 'ante');
insert into comment (comment_id, member_id, post_id, content) values (477, 1, 48, 'et magnis dis parturient montes nascetur ridiculus mus vivamus');
insert into comment (comment_id, member_id, post_id, content) values (478, 1, 48, 'vel augue vestibulum ante ipsum primis in faucibus');
insert into comment (comment_id, member_id, post_id, content) values (479, 1, 48, 'dui proin leo odio porttitor id consequat in consequat');
insert into comment (comment_id, member_id, post_id, content) values (480, 1, 49, 'turpis donec');
insert into comment (comment_id, member_id, post_id, content) values (481, 1, 49, 'pulvinar nulla pede ullamcorper augue a suscipit');
insert into comment (comment_id, member_id, post_id, content) values (482, 1, 49, 'vestibulum');
insert into comment (comment_id, member_id, post_id, content) values (483, 1, 49, 'at velit');
insert into comment (comment_id, member_id, post_id, content) values (484, 1, 49, 'aenean lectus');
insert into comment (comment_id, member_id, post_id, content) values (485, 1, 49, 'lorem integer tincidunt ante');
insert into comment (comment_id, member_id, post_id, content) values (486, 1, 49, 'tellus semper interdum mauris');
insert into comment (comment_id, member_id, post_id, content) values (487, 1, 49, 'turpis eget elit sodales scelerisque mauris');
insert into comment (comment_id, member_id, post_id, content) values (488, 1, 49, 'duis mattis egestas metus aenean fermentum donec');
insert into comment (comment_id, member_id, post_id, content) values (489, 1, 49, 'lorem integer tincidunt ante vel ipsum praesent');
insert into comment (comment_id, member_id, post_id, content) values (490, 1, 50, 'gravida nisi at nibh in');
insert into comment (comment_id, member_id, post_id, content) values (491, 1, 50, 'congue eget semper rutrum nulla nunc purus');
insert into comment (comment_id, member_id, post_id, content) values (492, 1, 50, 'convallis nulla neque libero convallis eget eleifend');
insert into comment (comment_id, member_id, post_id, content) values (493, 1, 50, 'proin interdum');
insert into comment (comment_id, member_id, post_id, content) values (494, 1, 50, 'nec condimentum neque sapien placerat ante nulla justo aliquam quis');
insert into comment (comment_id, member_id, post_id, content) values (495, 1, 50, 'tempus vivamus in felis eu sapien cursus vestibulum proin eu');
insert into comment (comment_id, member_id, post_id, content) values (496, 1, 50, 'id nisl venenatis lacinia aenean sit amet');
insert into comment (comment_id, member_id, post_id, content) values (497, 1, 50, 'scelerisque mauris sit amet eros suspendisse accumsan tortor quis');
insert into comment (comment_id, member_id, post_id, content) values (498, 1, 50, 'ut nunc vestibulum ante ipsum');
insert into comment (comment_id, member_id, post_id, content) values (499, 1, 50, 'commodo placerat praesent blandit nam nulla integer pede justo');
insert into comment (comment_id, member_id, post_id, content) values (500, 1, 51, 'massa');
insert into comment (comment_id, member_id, post_id, content) values (501, 1, 51, 'sit amet sapien dignissim vestibulum vestibulum ante ipsum primis');
insert into comment (comment_id, member_id, post_id, content) values (502, 1, 51, 'aliquet at feugiat non pretium quis lectus suspendisse potenti');
insert into comment (comment_id, member_id, post_id, content) values (503, 1, 51, 'duis aliquam convallis nunc');
insert into comment (comment_id, member_id, post_id, content) values (504, 1, 51, 'lectus vestibulum quam sapien varius');
insert into comment (comment_id, member_id, post_id, content) values (505, 1, 51, 'tristique in tempus sit');
insert into comment (comment_id, member_id, post_id, content) values (506, 1, 51, 'cras non velit nec nisi vulputate nonummy maecenas');
insert into comment (comment_id, member_id, post_id, content) values (507, 1, 51, 'orci luctus et ultrices');
insert into comment (comment_id, member_id, post_id, content) values (508, 1, 51, 'nulla pede ullamcorper augue a suscipit nulla elit ac');
insert into comment (comment_id, member_id, post_id, content) values (509, 1, 51, 'quam');
insert into comment (comment_id, member_id, post_id, content) values (510, 1, 52, 'nulla tempus vivamus in felis eu sapien');
insert into comment (comment_id, member_id, post_id, content) values (511, 1, 52, 'montes nascetur ridiculus mus etiam vel augue vestibulum rutrum');
insert into comment (comment_id, member_id, post_id, content) values (512, 1, 52, 'fusce consequat nulla nisl');
insert into comment (comment_id, member_id, post_id, content) values (513, 1, 52, 'felis donec semper sapien a');
insert into comment (comment_id, member_id, post_id, content) values (514, 1, 52, 'morbi vel lectus in quam fringilla rhoncus mauris enim');
insert into comment (comment_id, member_id, post_id, content) values (515, 1, 52, 'lacinia aenean sit amet justo');
insert into comment (comment_id, member_id, post_id, content) values (516, 1, 52, 'proin');
insert into comment (comment_id, member_id, post_id, content) values (517, 1, 52, 'donec posuere metus vitae ipsum aliquam non mauris morbi');
insert into comment (comment_id, member_id, post_id, content) values (518, 1, 52, 'a suscipit nulla elit ac nulla sed vel enim');
insert into comment (comment_id, member_id, post_id, content) values (519, 1, 52, 'metus vitae ipsum aliquam');
insert into comment (comment_id, member_id, post_id, content) values (520, 1, 53, 'magna');
insert into comment (comment_id, member_id, post_id, content) values (521, 1, 53, 'lacus morbi sem mauris laoreet ut');
insert into comment (comment_id, member_id, post_id, content) values (522, 1, 53, 'montes nascetur ridiculus mus etiam');
insert into comment (comment_id, member_id, post_id, content) values (523, 1, 53, 'ultrices phasellus id');
insert into comment (comment_id, member_id, post_id, content) values (524, 1, 53, 'justo maecenas rhoncus aliquam lacus morbi quis');
insert into comment (comment_id, member_id, post_id, content) values (525, 1, 53, 'faucibus cursus urna');
insert into comment (comment_id, member_id, post_id, content) values (526, 1, 53, 'pellentesque ultrices phasellus id sapien in sapien');
insert into comment (comment_id, member_id, post_id, content) values (527, 1, 53, 'convallis morbi odio odio elementum eu interdum eu tincidunt in');
insert into comment (comment_id, member_id, post_id, content) values (528, 1, 53, 'at nulla suspendisse');
insert into comment (comment_id, member_id, post_id, content) values (529, 1, 53, 'in sagittis');
insert into comment (comment_id, member_id, post_id, content) values (530, 1, 54, 'varius nulla facilisi cras non velit nec nisi');
insert into comment (comment_id, member_id, post_id, content) values (531, 1, 54, 'consectetuer adipiscing elit proin');
insert into comment (comment_id, member_id, post_id, content) values (532, 1, 54, 'ligula in lacus curabitur');
insert into comment (comment_id, member_id, post_id, content) values (533, 1, 54, 'mauris vulputate elementum nullam varius nulla facilisi cras non velit');
insert into comment (comment_id, member_id, post_id, content) values (534, 1, 54, 'volutpat convallis morbi odio odio elementum eu interdum');
insert into comment (comment_id, member_id, post_id, content) values (535, 1, 54, 'odio consequat varius integer');
insert into comment (comment_id, member_id, post_id, content) values (536, 1, 54, 'amet diam in magna bibendum imperdiet nullam orci pede');
insert into comment (comment_id, member_id, post_id, content) values (537, 1, 54, 'vitae ipsum');
insert into comment (comment_id, member_id, post_id, content) values (538, 1, 54, 'nisi nam ultrices libero non mattis');
insert into comment (comment_id, member_id, post_id, content) values (539, 1, 54, 'platea dictumst morbi vestibulum velit id');
insert into comment (comment_id, member_id, post_id, content) values (540, 1, 55, 'orci pede venenatis');
insert into comment (comment_id, member_id, post_id, content) values (541, 1, 55, 'hendrerit at');
insert into comment (comment_id, member_id, post_id, content) values (542, 1, 55, 'nam tristique tortor eu pede');
insert into comment (comment_id, member_id, post_id, content) values (543, 1, 55, 'sollicitudin ut suscipit a feugiat et eros vestibulum ac est');
insert into comment (comment_id, member_id, post_id, content) values (544, 1, 55, 'et ultrices posuere cubilia curae mauris viverra diam vitae');
insert into comment (comment_id, member_id, post_id, content) values (545, 1, 55, 'sit amet nulla quisque arcu libero rutrum ac');
insert into comment (comment_id, member_id, post_id, content) values (546, 1, 55, 'ante ipsum primis in faucibus orci luctus et ultrices');
insert into comment (comment_id, member_id, post_id, content) values (547, 1, 55, 'nunc vestibulum ante');
insert into comment (comment_id, member_id, post_id, content) values (548, 1, 55, 'vestibulum');
insert into comment (comment_id, member_id, post_id, content) values (549, 1, 55, 'mauris viverra diam vitae quam suspendisse potenti nullam');
insert into comment (comment_id, member_id, post_id, content) values (550, 1, 56, 'ullamcorper purus sit amet');
insert into comment (comment_id, member_id, post_id, content) values (551, 1, 56, 'mi sit amet lobortis sapien sapien non');
insert into comment (comment_id, member_id, post_id, content) values (552, 1, 56, 'augue aliquam erat volutpat in congue etiam');
insert into comment (comment_id, member_id, post_id, content) values (553, 1, 56, 'ultrices');
insert into comment (comment_id, member_id, post_id, content) values (554, 1, 56, 'vel dapibus at diam nam');
insert into comment (comment_id, member_id, post_id, content) values (555, 1, 56, 'risus semper porta volutpat quam pede lobortis ligula sit amet');
insert into comment (comment_id, member_id, post_id, content) values (556, 1, 56, 'quisque arcu');
insert into comment (comment_id, member_id, post_id, content) values (557, 1, 56, 'in purus');
insert into comment (comment_id, member_id, post_id, content) values (558, 1, 56, 'in leo maecenas pulvinar lobortis est phasellus sit amet erat');
insert into comment (comment_id, member_id, post_id, content) values (559, 1, 56, 'et');
insert into comment (comment_id, member_id, post_id, content) values (560, 1, 57, 'erat curabitur gravida nisi at nibh');
insert into comment (comment_id, member_id, post_id, content) values (561, 1, 57, 'sem duis aliquam convallis nunc proin at turpis a');
insert into comment (comment_id, member_id, post_id, content) values (562, 1, 57, 'suspendisse');
insert into comment (comment_id, member_id, post_id, content) values (563, 1, 57, 'vitae mattis nibh ligula nec sem duis aliquam convallis');
insert into comment (comment_id, member_id, post_id, content) values (564, 1, 57, 'consequat lectus in est risus auctor sed tristique');
insert into comment (comment_id, member_id, post_id, content) values (565, 1, 57, 'mus vivamus vestibulum sagittis sapien cum');
insert into comment (comment_id, member_id, post_id, content) values (566, 1, 57, 'eleifend pede libero quis');
insert into comment (comment_id, member_id, post_id, content) values (567, 1, 57, 'duis faucibus accumsan');
insert into comment (comment_id, member_id, post_id, content) values (568, 1, 57, 'congue');
insert into comment (comment_id, member_id, post_id, content) values (569, 1, 57, 'quisque porta volutpat erat quisque erat');
insert into comment (comment_id, member_id, post_id, content) values (570, 1, 58, 'lorem id ligula suspendisse ornare consequat lectus in est');
insert into comment (comment_id, member_id, post_id, content) values (571, 1, 58, 'id pretium iaculis diam erat fermentum justo nec condimentum');
insert into comment (comment_id, member_id, post_id, content) values (572, 1, 58, 'sapien a libero nam dui proin');
insert into comment (comment_id, member_id, post_id, content) values (573, 1, 58, 'metus sapien ut nunc vestibulum ante ipsum');
insert into comment (comment_id, member_id, post_id, content) values (574, 1, 58, 'ut massa');
insert into comment (comment_id, member_id, post_id, content) values (575, 1, 58, 'vestibulum ante ipsum primis in faucibus orci');
insert into comment (comment_id, member_id, post_id, content) values (576, 1, 58, 'mauris');
insert into comment (comment_id, member_id, post_id, content) values (577, 1, 58, 'massa id');
insert into comment (comment_id, member_id, post_id, content) values (578, 1, 58, 'ut rhoncus aliquet pulvinar sed nisl nunc');
insert into comment (comment_id, member_id, post_id, content) values (579, 1, 58, 'purus aliquet at feugiat non');
insert into comment (comment_id, member_id, post_id, content) values (580, 1, 59, 'metus arcu adipiscing molestie');
insert into comment (comment_id, member_id, post_id, content) values (581, 1, 59, 'eu interdum eu tincidunt in leo maecenas pulvinar');
insert into comment (comment_id, member_id, post_id, content) values (582, 1, 59, 'sapien a libero nam dui proin');
insert into comment (comment_id, member_id, post_id, content) values (583, 1, 59, 'amet consectetuer adipiscing elit proin risus praesent');
insert into comment (comment_id, member_id, post_id, content) values (584, 1, 59, 'consequat in consequat');
insert into comment (comment_id, member_id, post_id, content) values (585, 1, 59, 'pellentesque viverra pede');
insert into comment (comment_id, member_id, post_id, content) values (586, 1, 59, 'integer pede justo lacinia eget tincidunt eget');
insert into comment (comment_id, member_id, post_id, content) values (587, 1, 59, 'tempus sit amet sem fusce consequat nulla nisl nunc');
insert into comment (comment_id, member_id, post_id, content) values (588, 1, 59, 'semper rutrum');
insert into comment (comment_id, member_id, post_id, content) values (589, 1, 59, 'faucibus orci luctus et ultrices posuere');
insert into comment (comment_id, member_id, post_id, content) values (590, 1, 60, 'amet');
insert into comment (comment_id, member_id, post_id, content) values (591, 1, 60, 'nonummy integer non velit');
insert into comment (comment_id, member_id, post_id, content) values (592, 1, 60, 'amet eleifend pede libero quis orci nullam molestie');
insert into comment (comment_id, member_id, post_id, content) values (593, 1, 60, 'elementum nullam varius nulla facilisi cras');
insert into comment (comment_id, member_id, post_id, content) values (594, 1, 60, 'nibh quisque id');
insert into comment (comment_id, member_id, post_id, content) values (595, 1, 60, 'magna bibendum imperdiet nullam orci');
insert into comment (comment_id, member_id, post_id, content) values (596, 1, 60, 'odio');
insert into comment (comment_id, member_id, post_id, content) values (597, 1, 60, 'nulla elit ac nulla sed vel enim sit');
insert into comment (comment_id, member_id, post_id, content) values (598, 1, 60, 'id consequat in consequat ut nulla sed');
insert into comment (comment_id, member_id, post_id, content) values (599, 1, 60, 'dolor vel est donec odio justo sollicitudin ut suscipit a');
insert into comment (comment_id, member_id, post_id, content) values (600, 1, 61, 'feugiat et');
insert into comment (comment_id, member_id, post_id, content) values (601, 1, 61, 'fusce');
insert into comment (comment_id, member_id, post_id, content) values (602, 1, 61, 'ac consequat metus sapien ut nunc vestibulum ante ipsum');
insert into comment (comment_id, member_id, post_id, content) values (603, 1, 61, 'gravida sem praesent id');
insert into comment (comment_id, member_id, post_id, content) values (604, 1, 61, 'libero convallis eget eleifend luctus ultricies');
insert into comment (comment_id, member_id, post_id, content) values (605, 1, 61, 'mauris enim leo rhoncus sed vestibulum sit amet cursus');
insert into comment (comment_id, member_id, post_id, content) values (606, 1, 61, 'turpis integer aliquet massa id lobortis convallis tortor risus dapibus');
insert into comment (comment_id, member_id, post_id, content) values (607, 1, 61, 'mi sit amet lobortis');
insert into comment (comment_id, member_id, post_id, content) values (608, 1, 61, 'eget rutrum at lorem integer');
insert into comment (comment_id, member_id, post_id, content) values (609, 1, 61, 'hac habitasse platea');
insert into comment (comment_id, member_id, post_id, content) values (610, 1, 62, 'accumsan odio curabitur convallis duis consequat');
insert into comment (comment_id, member_id, post_id, content) values (611, 1, 62, 'lectus in quam fringilla rhoncus mauris enim leo rhoncus');
insert into comment (comment_id, member_id, post_id, content) values (612, 1, 62, 'eu felis fusce posuere felis sed lacus morbi');
insert into comment (comment_id, member_id, post_id, content) values (613, 1, 62, 'dictumst morbi vestibulum');
insert into comment (comment_id, member_id, post_id, content) values (614, 1, 62, 'quisque arcu libero rutrum ac lobortis');
insert into comment (comment_id, member_id, post_id, content) values (615, 1, 62, 'quam a odio in hac habitasse');
insert into comment (comment_id, member_id, post_id, content) values (616, 1, 62, 'quis turpis eget elit sodales scelerisque mauris');
insert into comment (comment_id, member_id, post_id, content) values (617, 1, 62, 'morbi ut odio cras mi pede malesuada in imperdiet');
insert into comment (comment_id, member_id, post_id, content) values (618, 1, 62, 'tellus');
insert into comment (comment_id, member_id, post_id, content) values (619, 1, 62, 'ut ultrices vel augue vestibulum ante ipsum primis in faucibus');
insert into comment (comment_id, member_id, post_id, content) values (620, 1, 63, 'justo sollicitudin ut suscipit');
insert into comment (comment_id, member_id, post_id, content) values (621, 1, 63, 'aliquet massa');
insert into comment (comment_id, member_id, post_id, content) values (622, 1, 63, 'ipsum dolor');
insert into comment (comment_id, member_id, post_id, content) values (623, 1, 63, 'nulla suscipit ligula in lacus curabitur at ipsum ac tellus');
insert into comment (comment_id, member_id, post_id, content) values (624, 1, 63, 'massa tempor convallis nulla');
insert into comment (comment_id, member_id, post_id, content) values (625, 1, 63, 'in quam');
insert into comment (comment_id, member_id, post_id, content) values (626, 1, 63, 'justo sit amet sapien dignissim vestibulum vestibulum ante ipsum');
insert into comment (comment_id, member_id, post_id, content) values (627, 1, 63, 'faucibus orci luctus et');
insert into comment (comment_id, member_id, post_id, content) values (628, 1, 63, 'rutrum rutrum neque aenean auctor gravida sem praesent id massa');
insert into comment (comment_id, member_id, post_id, content) values (629, 1, 63, 'aliquam augue');
insert into comment (comment_id, member_id, post_id, content) values (630, 1, 64, 'ultrices aliquet maecenas leo');
insert into comment (comment_id, member_id, post_id, content) values (631, 1, 64, 'ut tellus nulla ut');
insert into comment (comment_id, member_id, post_id, content) values (632, 1, 64, 'nonummy integer non');
insert into comment (comment_id, member_id, post_id, content) values (633, 1, 64, 'amet consectetuer adipiscing elit proin risus praesent lectus vestibulum quam');
insert into comment (comment_id, member_id, post_id, content) values (634, 1, 64, 'velit nec nisi vulputate nonummy maecenas tincidunt');
insert into comment (comment_id, member_id, post_id, content) values (635, 1, 64, 'donec ut mauris eget');
insert into comment (comment_id, member_id, post_id, content) values (636, 1, 64, 'luctus et ultrices posuere cubilia');
insert into comment (comment_id, member_id, post_id, content) values (637, 1, 64, 'hac habitasse platea');
insert into comment (comment_id, member_id, post_id, content) values (638, 1, 64, 'dui nec nisi volutpat eleifend');
insert into comment (comment_id, member_id, post_id, content) values (639, 1, 64, 'dictumst');
insert into comment (comment_id, member_id, post_id, content) values (640, 1, 65, 'quam pharetra magna ac consequat metus sapien ut nunc vestibulum');
insert into comment (comment_id, member_id, post_id, content) values (641, 1, 65, 'nulla sed accumsan felis');
insert into comment (comment_id, member_id, post_id, content) values (642, 1, 65, 'congue etiam justo etiam');
insert into comment (comment_id, member_id, post_id, content) values (643, 1, 65, 'et magnis dis parturient montes nascetur ridiculus mus vivamus vestibulum');
insert into comment (comment_id, member_id, post_id, content) values (644, 1, 65, 'sed sagittis nam congue risus');
insert into comment (comment_id, member_id, post_id, content) values (645, 1, 65, 'consequat ut nulla sed accumsan felis ut at');
insert into comment (comment_id, member_id, post_id, content) values (646, 1, 65, 'cum sociis natoque');
insert into comment (comment_id, member_id, post_id, content) values (647, 1, 65, 'nulla facilisi cras non velit nec nisi vulputate nonummy maecenas');
insert into comment (comment_id, member_id, post_id, content) values (648, 1, 65, 'mauris enim leo rhoncus sed vestibulum sit amet');
insert into comment (comment_id, member_id, post_id, content) values (649, 1, 65, 'eget nunc donec quis orci eget orci vehicula condimentum');
insert into comment (comment_id, member_id, post_id, content) values (650, 1, 66, 'nibh fusce lacus purus aliquet');
insert into comment (comment_id, member_id, post_id, content) values (651, 1, 66, 'erat quisque');
insert into comment (comment_id, member_id, post_id, content) values (652, 1, 66, 'nam ultrices libero non mattis pulvinar nulla');
insert into comment (comment_id, member_id, post_id, content) values (653, 1, 66, 'mauris ullamcorper purus');
insert into comment (comment_id, member_id, post_id, content) values (654, 1, 66, 'leo odio condimentum id luctus nec molestie sed');
insert into comment (comment_id, member_id, post_id, content) values (655, 1, 66, 'ut suscipit a');
insert into comment (comment_id, member_id, post_id, content) values (656, 1, 66, 'nisi volutpat eleifend');
insert into comment (comment_id, member_id, post_id, content) values (657, 1, 66, 'semper rutrum nulla nunc purus');
insert into comment (comment_id, member_id, post_id, content) values (658, 1, 66, 'cubilia curae nulla dapibus dolor vel');
insert into comment (comment_id, member_id, post_id, content) values (659, 1, 66, 'massa');
insert into comment (comment_id, member_id, post_id, content) values (660, 1, 67, 'quisque');
insert into comment (comment_id, member_id, post_id, content) values (661, 1, 67, 'nulla ac enim');
insert into comment (comment_id, member_id, post_id, content) values (662, 1, 67, 'pulvinar lobortis est phasellus sit amet');
insert into comment (comment_id, member_id, post_id, content) values (663, 1, 67, 'quisque erat eros viverra eget congue eget semper rutrum');
insert into comment (comment_id, member_id, post_id, content) values (664, 1, 67, 'turpis a pede posuere nonummy integer non');
insert into comment (comment_id, member_id, post_id, content) values (665, 1, 67, 'odio condimentum id');
insert into comment (comment_id, member_id, post_id, content) values (666, 1, 67, 'erat eros viverra eget');
insert into comment (comment_id, member_id, post_id, content) values (667, 1, 67, 'sit amet eleifend');
insert into comment (comment_id, member_id, post_id, content) values (668, 1, 67, 'lacinia nisi venenatis tristique fusce congue diam id ornare imperdiet');
insert into comment (comment_id, member_id, post_id, content) values (669, 1, 67, 'dis parturient montes nascetur ridiculus');
insert into comment (comment_id, member_id, post_id, content) values (670, 1, 68, 'primis in faucibus orci luctus');
insert into comment (comment_id, member_id, post_id, content) values (671, 1, 68, 'pretium');
insert into comment (comment_id, member_id, post_id, content) values (672, 1, 68, 'fusce lacus');
insert into comment (comment_id, member_id, post_id, content) values (673, 1, 68, 'ipsum ac tellus semper interdum');
insert into comment (comment_id, member_id, post_id, content) values (674, 1, 68, 'vivamus metus arcu');
insert into comment (comment_id, member_id, post_id, content) values (675, 1, 68, 'nec condimentum');
insert into comment (comment_id, member_id, post_id, content) values (676, 1, 68, 'lobortis ligula sit amet eleifend');
insert into comment (comment_id, member_id, post_id, content) values (677, 1, 68, 'varius integer');
insert into comment (comment_id, member_id, post_id, content) values (678, 1, 68, 'nullam molestie nibh in lectus pellentesque at');
insert into comment (comment_id, member_id, post_id, content) values (679, 1, 68, 'amet consectetuer adipiscing elit proin');
insert into comment (comment_id, member_id, post_id, content) values (680, 1, 69, 'felis ut at dolor quis odio consequat varius');
insert into comment (comment_id, member_id, post_id, content) values (681, 1, 69, 'pede malesuada in imperdiet et commodo vulputate');
insert into comment (comment_id, member_id, post_id, content) values (682, 1, 69, 'neque vestibulum eget vulputate ut ultrices vel augue vestibulum ante');
insert into comment (comment_id, member_id, post_id, content) values (683, 1, 69, 'sapien');
insert into comment (comment_id, member_id, post_id, content) values (684, 1, 69, 'eget eleifend luctus ultricies eu nibh quisque id');
insert into comment (comment_id, member_id, post_id, content) values (685, 1, 69, 'amet eleifend');
insert into comment (comment_id, member_id, post_id, content) values (686, 1, 69, 'et tempus semper');
insert into comment (comment_id, member_id, post_id, content) values (687, 1, 69, 'pretium quis lectus suspendisse potenti in eleifend quam a');
insert into comment (comment_id, member_id, post_id, content) values (688, 1, 69, 'pellentesque ultrices phasellus id sapien in sapien');
insert into comment (comment_id, member_id, post_id, content) values (689, 1, 69, 'rutrum at lorem integer tincidunt');
insert into comment (comment_id, member_id, post_id, content) values (690, 1, 70, 'convallis morbi odio odio elementum');
insert into comment (comment_id, member_id, post_id, content) values (691, 1, 70, 'suspendisse potenti nullam porttitor');
insert into comment (comment_id, member_id, post_id, content) values (692, 1, 70, 'ligula sit amet');
insert into comment (comment_id, member_id, post_id, content) values (693, 1, 70, 'parturient montes nascetur ridiculus mus vivamus vestibulum');
insert into comment (comment_id, member_id, post_id, content) values (694, 1, 70, 'duis');
insert into comment (comment_id, member_id, post_id, content) values (695, 1, 70, 'nulla dapibus dolor vel');
insert into comment (comment_id, member_id, post_id, content) values (696, 1, 70, 'primis in faucibus orci luctus et ultrices posuere cubilia');
insert into comment (comment_id, member_id, post_id, content) values (697, 1, 70, 'cras non velit');
insert into comment (comment_id, member_id, post_id, content) values (698, 1, 70, 'lectus in quam fringilla rhoncus mauris enim');
insert into comment (comment_id, member_id, post_id, content) values (699, 1, 70, 'a odio in hac habitasse platea dictumst maecenas ut massa');
insert into comment (comment_id, member_id, post_id, content) values (700, 1, 71, 'donec posuere metus vitae ipsum aliquam non mauris');
insert into comment (comment_id, member_id, post_id, content) values (701, 1, 71, 'volutpat');
insert into comment (comment_id, member_id, post_id, content) values (702, 1, 71, 'sapien sapien non mi integer ac neque');
insert into comment (comment_id, member_id, post_id, content) values (703, 1, 71, 'aliquam convallis nunc proin');
insert into comment (comment_id, member_id, post_id, content) values (704, 1, 71, 'ligula in');
insert into comment (comment_id, member_id, post_id, content) values (705, 1, 71, 'sit amet nunc viverra');
insert into comment (comment_id, member_id, post_id, content) values (706, 1, 71, 'vel enim sit amet nunc viverra dapibus nulla suscipit ligula');
insert into comment (comment_id, member_id, post_id, content) values (707, 1, 71, 'venenatis non sodales sed');
insert into comment (comment_id, member_id, post_id, content) values (708, 1, 71, 'turpis a pede posuere nonummy integer non velit donec');
insert into comment (comment_id, member_id, post_id, content) values (709, 1, 71, 'vivamus metus arcu adipiscing');
insert into comment (comment_id, member_id, post_id, content) values (710, 1, 72, 'felis sed lacus morbi');
insert into comment (comment_id, member_id, post_id, content) values (711, 1, 72, 'tempus');
insert into comment (comment_id, member_id, post_id, content) values (712, 1, 72, 'tortor sollicitudin');
insert into comment (comment_id, member_id, post_id, content) values (713, 1, 72, 'quisque erat eros viverra eget congue');
insert into comment (comment_id, member_id, post_id, content) values (714, 1, 72, 'interdum mauris ullamcorper purus sit amet');
insert into comment (comment_id, member_id, post_id, content) values (715, 1, 72, 'ut massa volutpat convallis morbi odio odio elementum');
insert into comment (comment_id, member_id, post_id, content) values (716, 1, 72, 'magna at nunc commodo placerat praesent blandit nam nulla integer');
insert into comment (comment_id, member_id, post_id, content) values (717, 1, 72, 'amet eleifend pede libero quis orci nullam');
insert into comment (comment_id, member_id, post_id, content) values (718, 1, 72, 'lacus morbi quis tortor id nulla ultrices');
insert into comment (comment_id, member_id, post_id, content) values (719, 1, 72, 'ipsum dolor sit amet');
insert into comment (comment_id, member_id, post_id, content) values (720, 1, 73, 'amet eros suspendisse accumsan tortor quis turpis sed');
insert into comment (comment_id, member_id, post_id, content) values (721, 1, 73, 'vivamus vestibulum sagittis sapien cum sociis natoque');
insert into comment (comment_id, member_id, post_id, content) values (722, 1, 73, 'vestibulum aliquet ultrices erat tortor sollicitudin');
insert into comment (comment_id, member_id, post_id, content) values (723, 1, 73, 'volutpat eleifend donec ut dolor morbi vel');
insert into comment (comment_id, member_id, post_id, content) values (724, 1, 73, 'in sapien iaculis congue vivamus metus arcu');
insert into comment (comment_id, member_id, post_id, content) values (725, 1, 73, 'pellentesque');
insert into comment (comment_id, member_id, post_id, content) values (726, 1, 73, 'feugiat');
insert into comment (comment_id, member_id, post_id, content) values (727, 1, 73, 'est congue elementum in hac habitasse platea dictumst');
insert into comment (comment_id, member_id, post_id, content) values (728, 1, 73, 'in purus eu magna vulputate luctus cum sociis natoque penatibus');
insert into comment (comment_id, member_id, post_id, content) values (729, 1, 73, 'ultrices erat tortor sollicitudin mi sit');
insert into comment (comment_id, member_id, post_id, content) values (730, 1, 74, 'vel ipsum');
insert into comment (comment_id, member_id, post_id, content) values (731, 1, 74, 'mi in porttitor pede justo eu massa donec dapibus duis');
insert into comment (comment_id, member_id, post_id, content) values (732, 1, 74, 'at diam nam tristique tortor eu pede');
insert into comment (comment_id, member_id, post_id, content) values (733, 1, 74, 'quis turpis eget elit sodales scelerisque mauris sit amet eros');
insert into comment (comment_id, member_id, post_id, content) values (734, 1, 74, 'quam');
insert into comment (comment_id, member_id, post_id, content) values (735, 1, 74, 'consectetuer eget rutrum at lorem');
insert into comment (comment_id, member_id, post_id, content) values (736, 1, 74, 'quam turpis adipiscing lorem vitae mattis nibh ligula');
insert into comment (comment_id, member_id, post_id, content) values (737, 1, 74, 'risus');
insert into comment (comment_id, member_id, post_id, content) values (738, 1, 74, 'vestibulum ante ipsum primis in faucibus orci');
insert into comment (comment_id, member_id, post_id, content) values (739, 1, 74, 'ut nunc vestibulum ante ipsum primis in faucibus orci luctus');
insert into comment (comment_id, member_id, post_id, content) values (740, 1, 75, 'eu pede');
insert into comment (comment_id, member_id, post_id, content) values (741, 1, 75, 'porttitor lorem id ligula suspendisse ornare consequat');
insert into comment (comment_id, member_id, post_id, content) values (742, 1, 75, 'rhoncus aliquet pulvinar sed nisl nunc rhoncus dui vel sem');
insert into comment (comment_id, member_id, post_id, content) values (743, 1, 75, 'in porttitor');
insert into comment (comment_id, member_id, post_id, content) values (744, 1, 75, 'ipsum ac tellus semper interdum mauris ullamcorper purus sit amet');
insert into comment (comment_id, member_id, post_id, content) values (745, 1, 75, 'ligula pellentesque ultrices phasellus id sapien in sapien iaculis');
insert into comment (comment_id, member_id, post_id, content) values (746, 1, 75, 'eu pede');
insert into comment (comment_id, member_id, post_id, content) values (747, 1, 75, 'etiam faucibus cursus urna ut tellus nulla ut erat');
insert into comment (comment_id, member_id, post_id, content) values (748, 1, 75, 'et commodo');
insert into comment (comment_id, member_id, post_id, content) values (749, 1, 75, 'metus');
insert into comment (comment_id, member_id, post_id, content) values (750, 1, 76, 'consectetuer eget rutrum at lorem');
insert into comment (comment_id, member_id, post_id, content) values (751, 1, 76, 'lacus curabitur at ipsum ac tellus');
insert into comment (comment_id, member_id, post_id, content) values (752, 1, 76, 'morbi');
insert into comment (comment_id, member_id, post_id, content) values (753, 1, 76, 'in faucibus orci luctus et');
insert into comment (comment_id, member_id, post_id, content) values (754, 1, 76, 'ipsum primis in faucibus orci luctus et');
insert into comment (comment_id, member_id, post_id, content) values (755, 1, 76, 'felis ut at dolor quis odio consequat varius integer ac');
insert into comment (comment_id, member_id, post_id, content) values (756, 1, 76, 'viverra diam vitae');
insert into comment (comment_id, member_id, post_id, content) values (757, 1, 76, 'in hac habitasse platea');
insert into comment (comment_id, member_id, post_id, content) values (758, 1, 76, 'sed vel enim');
insert into comment (comment_id, member_id, post_id, content) values (759, 1, 76, 'curae mauris viverra');
insert into comment (comment_id, member_id, post_id, content) values (760, 1, 77, 'neque duis bibendum');
insert into comment (comment_id, member_id, post_id, content) values (761, 1, 77, 'sed nisl nunc rhoncus dui vel');
insert into comment (comment_id, member_id, post_id, content) values (762, 1, 77, 'nunc viverra dapibus nulla suscipit');
insert into comment (comment_id, member_id, post_id, content) values (763, 1, 77, 'nullam orci pede venenatis non sodales sed tincidunt eu');
insert into comment (comment_id, member_id, post_id, content) values (764, 1, 77, 'pretium nisl ut volutpat sapien arcu sed augue aliquam erat');
insert into comment (comment_id, member_id, post_id, content) values (765, 1, 77, 'morbi non quam nec dui luctus');
insert into comment (comment_id, member_id, post_id, content) values (766, 1, 77, 'etiam justo etiam');
insert into comment (comment_id, member_id, post_id, content) values (767, 1, 77, 'aliquam quis turpis');
insert into comment (comment_id, member_id, post_id, content) values (768, 1, 77, 'erat curabitur gravida nisi at nibh in hac');
insert into comment (comment_id, member_id, post_id, content) values (769, 1, 77, 'ut nunc vestibulum ante ipsum primis in faucibus');
insert into comment (comment_id, member_id, post_id, content) values (770, 1, 78, 'sapien urna pretium nisl');
insert into comment (comment_id, member_id, post_id, content) values (771, 1, 78, 'magna at nunc commodo placerat praesent blandit nam');
insert into comment (comment_id, member_id, post_id, content) values (772, 1, 78, 'morbi non quam nec dui luctus rutrum nulla');
insert into comment (comment_id, member_id, post_id, content) values (773, 1, 78, 'urna ut');
insert into comment (comment_id, member_id, post_id, content) values (774, 1, 78, 'donec posuere metus vitae ipsum');
insert into comment (comment_id, member_id, post_id, content) values (775, 1, 78, 'vehicula condimentum curabitur in libero ut massa volutpat');
insert into comment (comment_id, member_id, post_id, content) values (776, 1, 78, 'lorem integer tincidunt ante vel ipsum praesent blandit lacinia');
insert into comment (comment_id, member_id, post_id, content) values (777, 1, 78, 'mi sit amet');
insert into comment (comment_id, member_id, post_id, content) values (778, 1, 78, 'luctus et ultrices posuere cubilia curae nulla dapibus');
insert into comment (comment_id, member_id, post_id, content) values (779, 1, 78, 'faucibus accumsan');
insert into comment (comment_id, member_id, post_id, content) values (780, 1, 79, 'faucibus orci luctus et');
insert into comment (comment_id, member_id, post_id, content) values (781, 1, 79, 'erat eros viverra eget congue eget semper');
insert into comment (comment_id, member_id, post_id, content) values (782, 1, 79, 'ut ultrices vel augue vestibulum ante ipsum primis in');
insert into comment (comment_id, member_id, post_id, content) values (783, 1, 79, 'ut massa quis augue luctus');
insert into comment (comment_id, member_id, post_id, content) values (784, 1, 79, 'duis consequat dui nec nisi');
insert into comment (comment_id, member_id, post_id, content) values (785, 1, 79, 'morbi porttitor lorem id ligula suspendisse ornare consequat');
insert into comment (comment_id, member_id, post_id, content) values (786, 1, 79, 'libero convallis eget eleifend luctus');
insert into comment (comment_id, member_id, post_id, content) values (787, 1, 79, 'velit vivamus vel');
insert into comment (comment_id, member_id, post_id, content) values (788, 1, 79, 'donec pharetra magna vestibulum aliquet ultrices erat');
insert into comment (comment_id, member_id, post_id, content) values (789, 1, 79, 'lacus morbi sem mauris laoreet ut rhoncus aliquet pulvinar');
insert into comment (comment_id, member_id, post_id, content) values (790, 1, 80, 'nisl duis bibendum felis sed interdum venenatis turpis enim');
insert into comment (comment_id, member_id, post_id, content) values (791, 1, 80, 'massa tempor');
insert into comment (comment_id, member_id, post_id, content) values (792, 1, 80, 'est risus auctor sed tristique in tempus');
insert into comment (comment_id, member_id, post_id, content) values (793, 1, 80, 'mattis nibh ligula');
insert into comment (comment_id, member_id, post_id, content) values (794, 1, 80, 'pede posuere nonummy integer non velit');
insert into comment (comment_id, member_id, post_id, content) values (795, 1, 80, 'imperdiet et commodo vulputate justo in blandit ultrices enim');
insert into comment (comment_id, member_id, post_id, content) values (796, 1, 80, 'lacus at turpis');
insert into comment (comment_id, member_id, post_id, content) values (797, 1, 80, 'volutpat eleifend donec ut dolor morbi');
insert into comment (comment_id, member_id, post_id, content) values (798, 1, 80, 'non lectus');
insert into comment (comment_id, member_id, post_id, content) values (799, 1, 80, 'donec semper sapien a');
insert into comment (comment_id, member_id, post_id, content) values (800, 1, 81, 'ipsum ac tellus semper');
insert into comment (comment_id, member_id, post_id, content) values (801, 1, 81, 'gravida nisi at nibh');
insert into comment (comment_id, member_id, post_id, content) values (802, 1, 81, 'amet diam in magna bibendum imperdiet nullam');
insert into comment (comment_id, member_id, post_id, content) values (803, 1, 81, 'proin risus praesent lectus vestibulum quam');
insert into comment (comment_id, member_id, post_id, content) values (804, 1, 81, 'sit');
insert into comment (comment_id, member_id, post_id, content) values (805, 1, 81, 'gravida nisi at nibh in hac');
insert into comment (comment_id, member_id, post_id, content) values (806, 1, 81, 'pede');
insert into comment (comment_id, member_id, post_id, content) values (807, 1, 81, 'quam');
insert into comment (comment_id, member_id, post_id, content) values (808, 1, 81, 'erat tortor sollicitudin mi sit amet lobortis');
insert into comment (comment_id, member_id, post_id, content) values (809, 1, 81, 'semper sapien a libero nam');
insert into comment (comment_id, member_id, post_id, content) values (810, 1, 82, 'quam');
insert into comment (comment_id, member_id, post_id, content) values (811, 1, 82, 'maecenas tincidunt lacus at velit vivamus vel nulla');
insert into comment (comment_id, member_id, post_id, content) values (812, 1, 82, 'massa volutpat convallis morbi odio odio elementum');
insert into comment (comment_id, member_id, post_id, content) values (813, 1, 82, 'pellentesque ultrices phasellus id sapien in sapien iaculis');
insert into comment (comment_id, member_id, post_id, content) values (814, 1, 82, 'semper porta');
insert into comment (comment_id, member_id, post_id, content) values (815, 1, 82, 'morbi quis tortor id nulla ultrices aliquet maecenas');
insert into comment (comment_id, member_id, post_id, content) values (816, 1, 82, 'vestibulum velit id pretium iaculis diam');
insert into comment (comment_id, member_id, post_id, content) values (817, 1, 82, 'ultrices posuere cubilia curae donec pharetra magna');
insert into comment (comment_id, member_id, post_id, content) values (818, 1, 82, 'est phasellus sit amet erat nulla tempus vivamus in');
insert into comment (comment_id, member_id, post_id, content) values (819, 1, 82, 'etiam justo etiam pretium iaculis justo');
insert into comment (comment_id, member_id, post_id, content) values (820, 1, 83, 'est congue elementum in hac');
insert into comment (comment_id, member_id, post_id, content) values (821, 1, 83, 'interdum eu tincidunt in leo maecenas');
insert into comment (comment_id, member_id, post_id, content) values (822, 1, 83, 'eu tincidunt in leo maecenas pulvinar lobortis est');
insert into comment (comment_id, member_id, post_id, content) values (823, 1, 83, 'justo aliquam quis turpis eget');
insert into comment (comment_id, member_id, post_id, content) values (824, 1, 83, 'ante ipsum primis in faucibus');
insert into comment (comment_id, member_id, post_id, content) values (825, 1, 83, 'venenatis tristique');
insert into comment (comment_id, member_id, post_id, content) values (826, 1, 83, 'accumsan felis ut at dolor quis');
insert into comment (comment_id, member_id, post_id, content) values (827, 1, 83, 'proin interdum mauris non ligula');
insert into comment (comment_id, member_id, post_id, content) values (828, 1, 83, 'dapibus dolor vel est');
insert into comment (comment_id, member_id, post_id, content) values (829, 1, 83, 'turpis');
insert into comment (comment_id, member_id, post_id, content) values (830, 1, 84, 'pretium iaculis justo in');
insert into comment (comment_id, member_id, post_id, content) values (831, 1, 84, 'ultrices posuere cubilia curae');
insert into comment (comment_id, member_id, post_id, content) values (832, 1, 84, 'libero');
insert into comment (comment_id, member_id, post_id, content) values (833, 1, 84, 'ullamcorper purus sit amet nulla quisque arcu libero rutrum');
insert into comment (comment_id, member_id, post_id, content) values (834, 1, 84, 'pellentesque quisque porta volutpat erat quisque erat eros');
insert into comment (comment_id, member_id, post_id, content) values (835, 1, 84, 'vestibulum ante ipsum primis in faucibus orci luctus et');
insert into comment (comment_id, member_id, post_id, content) values (836, 1, 84, 'pellentesque ultrices phasellus id');
insert into comment (comment_id, member_id, post_id, content) values (837, 1, 84, 'eu mi nulla ac enim in');
insert into comment (comment_id, member_id, post_id, content) values (838, 1, 84, 'ac tellus semper interdum mauris ullamcorper purus sit amet');
insert into comment (comment_id, member_id, post_id, content) values (839, 1, 84, 'varius nulla facilisi cras non velit nec nisi');
insert into comment (comment_id, member_id, post_id, content) values (840, 1, 85, 'mi nulla ac enim in');
insert into comment (comment_id, member_id, post_id, content) values (841, 1, 85, 'suspendisse ornare consequat lectus in est risus auctor sed tristique');
insert into comment (comment_id, member_id, post_id, content) values (842, 1, 85, 'sollicitudin vitae');
insert into comment (comment_id, member_id, post_id, content) values (843, 1, 85, 'ac lobortis');
insert into comment (comment_id, member_id, post_id, content) values (844, 1, 85, 'sem fusce consequat');
insert into comment (comment_id, member_id, post_id, content) values (845, 1, 85, 'posuere nonummy integer non velit donec diam neque vestibulum');
insert into comment (comment_id, member_id, post_id, content) values (846, 1, 85, 'sit');
insert into comment (comment_id, member_id, post_id, content) values (847, 1, 85, 'hac habitasse platea dictumst etiam faucibus cursus urna ut tellus');
insert into comment (comment_id, member_id, post_id, content) values (848, 1, 85, 'in congue etiam');
insert into comment (comment_id, member_id, post_id, content) values (849, 1, 85, 'eu sapien cursus');
insert into comment (comment_id, member_id, post_id, content) values (850, 1, 86, 'nullam orci pede');
insert into comment (comment_id, member_id, post_id, content) values (851, 1, 86, 'accumsan odio curabitur convallis');
insert into comment (comment_id, member_id, post_id, content) values (852, 1, 86, 'viverra eget congue eget');
insert into comment (comment_id, member_id, post_id, content) values (853, 1, 86, 'molestie sed justo pellentesque viverra pede ac diam');
insert into comment (comment_id, member_id, post_id, content) values (854, 1, 86, 'pede ac diam cras pellentesque volutpat');
insert into comment (comment_id, member_id, post_id, content) values (855, 1, 86, 'vel est donec odio justo');
insert into comment (comment_id, member_id, post_id, content) values (856, 1, 86, 'enim');
insert into comment (comment_id, member_id, post_id, content) values (857, 1, 86, 'morbi odio odio');
insert into comment (comment_id, member_id, post_id, content) values (858, 1, 86, 'enim sit amet nunc viverra dapibus');
insert into comment (comment_id, member_id, post_id, content) values (859, 1, 86, 'varius nulla facilisi cras');
insert into comment (comment_id, member_id, post_id, content) values (860, 1, 87, 'sem');
insert into comment (comment_id, member_id, post_id, content) values (861, 1, 87, 'nam dui proin leo odio porttitor id consequat');
insert into comment (comment_id, member_id, post_id, content) values (862, 1, 87, 'eu mi nulla ac enim in');
insert into comment (comment_id, member_id, post_id, content) values (863, 1, 87, 'ut rhoncus');
insert into comment (comment_id, member_id, post_id, content) values (864, 1, 87, 'sed sagittis nam congue risus semper porta volutpat');
insert into comment (comment_id, member_id, post_id, content) values (865, 1, 87, 'in hac');
insert into comment (comment_id, member_id, post_id, content) values (866, 1, 87, 'gravida sem praesent id massa id nisl venenatis');
insert into comment (comment_id, member_id, post_id, content) values (867, 1, 87, 'ultrices');
insert into comment (comment_id, member_id, post_id, content) values (868, 1, 87, 'pede ac diam cras pellentesque volutpat dui maecenas tristique est');
insert into comment (comment_id, member_id, post_id, content) values (869, 1, 87, 'at diam');
insert into comment (comment_id, member_id, post_id, content) values (870, 1, 88, 'bibendum imperdiet nullam');
insert into comment (comment_id, member_id, post_id, content) values (871, 1, 88, 'lobortis');
insert into comment (comment_id, member_id, post_id, content) values (872, 1, 88, 'maecenas leo');
insert into comment (comment_id, member_id, post_id, content) values (873, 1, 88, 'eget congue eget');
insert into comment (comment_id, member_id, post_id, content) values (874, 1, 88, 'lacus purus aliquet at feugiat non pretium quis lectus');
insert into comment (comment_id, member_id, post_id, content) values (875, 1, 88, 'dolor morbi vel lectus in quam fringilla rhoncus');
insert into comment (comment_id, member_id, post_id, content) values (876, 1, 88, 'nulla tempus vivamus');
insert into comment (comment_id, member_id, post_id, content) values (877, 1, 88, 'posuere nonummy integer non');
insert into comment (comment_id, member_id, post_id, content) values (878, 1, 88, 'ante');
insert into comment (comment_id, member_id, post_id, content) values (879, 1, 88, 'cum sociis natoque penatibus et magnis dis parturient montes nascetur');
insert into comment (comment_id, member_id, post_id, content) values (880, 1, 89, 'ultrices phasellus id sapien in sapien iaculis congue');
insert into comment (comment_id, member_id, post_id, content) values (881, 1, 89, 'magnis dis parturient montes nascetur ridiculus');
insert into comment (comment_id, member_id, post_id, content) values (882, 1, 89, 'sed vel enim sit amet nunc viverra dapibus');
insert into comment (comment_id, member_id, post_id, content) values (883, 1, 89, 'dis parturient montes');
insert into comment (comment_id, member_id, post_id, content) values (884, 1, 89, 'parturient montes nascetur ridiculus mus etiam vel');
insert into comment (comment_id, member_id, post_id, content) values (885, 1, 89, 'libero convallis eget eleifend luctus ultricies eu nibh quisque');
insert into comment (comment_id, member_id, post_id, content) values (886, 1, 89, 'libero convallis eget eleifend luctus');
insert into comment (comment_id, member_id, post_id, content) values (887, 1, 89, 'ac nibh fusce lacus purus aliquet at feugiat non');
insert into comment (comment_id, member_id, post_id, content) values (888, 1, 89, 'posuere cubilia curae donec pharetra magna vestibulum aliquet ultrices erat');
insert into comment (comment_id, member_id, post_id, content) values (889, 1, 89, 'amet cursus id turpis integer');
insert into comment (comment_id, member_id, post_id, content) values (890, 1, 90, 'sit amet consectetuer');
insert into comment (comment_id, member_id, post_id, content) values (891, 1, 90, 'in sagittis dui vel nisl duis ac nibh');
insert into comment (comment_id, member_id, post_id, content) values (892, 1, 90, 'magna ac consequat metus sapien ut nunc');
insert into comment (comment_id, member_id, post_id, content) values (893, 1, 90, 'gravida nisi at nibh in hac habitasse platea');
insert into comment (comment_id, member_id, post_id, content) values (894, 1, 90, 'amet sem fusce');
insert into comment (comment_id, member_id, post_id, content) values (895, 1, 90, 'quis lectus suspendisse');
insert into comment (comment_id, member_id, post_id, content) values (896, 1, 90, 'cubilia curae donec pharetra magna vestibulum aliquet ultrices');
insert into comment (comment_id, member_id, post_id, content) values (897, 1, 90, 'integer pede justo lacinia eget tincidunt');
insert into comment (comment_id, member_id, post_id, content) values (898, 1, 90, 'libero rutrum');
insert into comment (comment_id, member_id, post_id, content) values (899, 1, 90, 'augue quam sollicitudin vitae consectetuer eget rutrum at lorem');
insert into comment (comment_id, member_id, post_id, content) values (900, 1, 91, 'magna vestibulum aliquet ultrices');
insert into comment (comment_id, member_id, post_id, content) values (901, 1, 91, 'ipsum dolor sit amet');
insert into comment (comment_id, member_id, post_id, content) values (902, 1, 91, 'hac habitasse platea dictumst morbi');
insert into comment (comment_id, member_id, post_id, content) values (903, 1, 91, 'nulla suspendisse potenti cras in purus eu magna');
insert into comment (comment_id, member_id, post_id, content) values (904, 1, 91, 'dui vel nisl duis ac');
insert into comment (comment_id, member_id, post_id, content) values (905, 1, 91, 'habitasse');
insert into comment (comment_id, member_id, post_id, content) values (906, 1, 91, 'ut massa volutpat convallis morbi');
insert into comment (comment_id, member_id, post_id, content) values (907, 1, 91, 'eget tincidunt eget tempus');
insert into comment (comment_id, member_id, post_id, content) values (908, 1, 91, 'in sapien iaculis congue vivamus metus');
insert into comment (comment_id, member_id, post_id, content) values (909, 1, 91, 'volutpat sapien arcu sed augue');
insert into comment (comment_id, member_id, post_id, content) values (910, 1, 92, 'neque');
insert into comment (comment_id, member_id, post_id, content) values (911, 1, 92, 'tempus semper est');
insert into comment (comment_id, member_id, post_id, content) values (912, 1, 92, 'odio in hac habitasse platea dictumst maecenas ut');
insert into comment (comment_id, member_id, post_id, content) values (913, 1, 92, 'at nulla suspendisse potenti cras in purus eu magna');
insert into comment (comment_id, member_id, post_id, content) values (914, 1, 92, 'justo');
insert into comment (comment_id, member_id, post_id, content) values (915, 1, 92, 'magna ac consequat metus sapien ut');
insert into comment (comment_id, member_id, post_id, content) values (916, 1, 92, 'non sodales sed');
insert into comment (comment_id, member_id, post_id, content) values (917, 1, 92, 'id');
insert into comment (comment_id, member_id, post_id, content) values (918, 1, 92, 'sit amet lobortis sapien sapien non');
insert into comment (comment_id, member_id, post_id, content) values (919, 1, 92, 'phasellus in felis donec semper sapien a libero nam');
insert into comment (comment_id, member_id, post_id, content) values (920, 1, 93, 'dis parturient montes nascetur ridiculus');
insert into comment (comment_id, member_id, post_id, content) values (921, 1, 93, 'eu mi nulla ac enim');
insert into comment (comment_id, member_id, post_id, content) values (922, 1, 93, 'vehicula condimentum curabitur in');
insert into comment (comment_id, member_id, post_id, content) values (923, 1, 93, 'nulla sed accumsan felis ut at dolor');
insert into comment (comment_id, member_id, post_id, content) values (924, 1, 93, 'lobortis est phasellus sit amet erat nulla tempus');
insert into comment (comment_id, member_id, post_id, content) values (925, 1, 93, 'purus aliquet at feugiat non pretium quis lectus suspendisse');
insert into comment (comment_id, member_id, post_id, content) values (926, 1, 93, 'ac consequat metus');
insert into comment (comment_id, member_id, post_id, content) values (927, 1, 93, 'condimentum neque sapien placerat');
insert into comment (comment_id, member_id, post_id, content) values (928, 1, 93, 'lacus at turpis donec posuere');
insert into comment (comment_id, member_id, post_id, content) values (929, 1, 93, 'eget congue eget semper rutrum nulla nunc');
insert into comment (comment_id, member_id, post_id, content) values (930, 1, 94, 'auctor gravida');
insert into comment (comment_id, member_id, post_id, content) values (931, 1, 94, 'suspendisse potenti nullam porttitor lacus at turpis donec posuere metus');
insert into comment (comment_id, member_id, post_id, content) values (932, 1, 94, 'odio elementum eu');
insert into comment (comment_id, member_id, post_id, content) values (933, 1, 94, 'dui vel sem sed sagittis nam congue risus semper');
insert into comment (comment_id, member_id, post_id, content) values (934, 1, 94, 'metus vitae ipsum');
insert into comment (comment_id, member_id, post_id, content) values (935, 1, 94, 'semper est');
insert into comment (comment_id, member_id, post_id, content) values (936, 1, 94, 'diam id ornare imperdiet');
insert into comment (comment_id, member_id, post_id, content) values (937, 1, 94, 'porttitor lorem id ligula suspendisse ornare');
insert into comment (comment_id, member_id, post_id, content) values (938, 1, 94, 'consectetuer adipiscing elit proin interdum mauris non ligula pellentesque');
insert into comment (comment_id, member_id, post_id, content) values (939, 1, 94, 'lacinia eget tincidunt eget');
insert into comment (comment_id, member_id, post_id, content) values (940, 1, 95, 'venenatis lacinia aenean sit amet justo morbi ut odio cras');
insert into comment (comment_id, member_id, post_id, content) values (941, 1, 95, 'tempor convallis nulla neque');
insert into comment (comment_id, member_id, post_id, content) values (942, 1, 95, 'non pretium');
insert into comment (comment_id, member_id, post_id, content) values (943, 1, 95, 'libero nam dui proin leo odio');
insert into comment (comment_id, member_id, post_id, content) values (944, 1, 95, 'nunc rhoncus dui');
insert into comment (comment_id, member_id, post_id, content) values (945, 1, 95, 'luctus et');
insert into comment (comment_id, member_id, post_id, content) values (946, 1, 95, 'odio condimentum id luctus nec molestie sed');
insert into comment (comment_id, member_id, post_id, content) values (947, 1, 95, 'quam turpis adipiscing lorem vitae mattis nibh ligula nec');
insert into comment (comment_id, member_id, post_id, content) values (948, 1, 95, 'ipsum dolor sit amet');
insert into comment (comment_id, member_id, post_id, content) values (949, 1, 95, 'odio condimentum id luctus nec molestie sed justo');
insert into comment (comment_id, member_id, post_id, content) values (950, 1, 96, 'duis ac nibh fusce lacus purus aliquet at feugiat');
insert into comment (comment_id, member_id, post_id, content) values (951, 1, 96, 'vestibulum rutrum rutrum neque aenean');
insert into comment (comment_id, member_id, post_id, content) values (952, 1, 96, 'semper sapien a libero');
insert into comment (comment_id, member_id, post_id, content) values (953, 1, 96, 'leo odio condimentum id luctus nec molestie');
insert into comment (comment_id, member_id, post_id, content) values (954, 1, 96, 'ut suscipit a feugiat et eros vestibulum');
insert into comment (comment_id, member_id, post_id, content) values (955, 1, 96, 'lacinia erat vestibulum sed magna at nunc commodo placerat praesent');
insert into comment (comment_id, member_id, post_id, content) values (956, 1, 96, 'ac neque duis bibendum');
insert into comment (comment_id, member_id, post_id, content) values (957, 1, 96, 'vel augue vestibulum ante ipsum primis in faucibus');
insert into comment (comment_id, member_id, post_id, content) values (958, 1, 96, 'aliquam');
insert into comment (comment_id, member_id, post_id, content) values (959, 1, 96, 'elit');
insert into comment (comment_id, member_id, post_id, content) values (960, 1, 97, 'at');
insert into comment (comment_id, member_id, post_id, content) values (961, 1, 97, 'lacus morbi quis tortor id nulla ultrices');
insert into comment (comment_id, member_id, post_id, content) values (962, 1, 97, 'adipiscing molestie hendrerit at');
insert into comment (comment_id, member_id, post_id, content) values (963, 1, 97, 'ante ipsum primis');
insert into comment (comment_id, member_id, post_id, content) values (964, 1, 97, 'at diam nam tristique tortor eu pede');
insert into comment (comment_id, member_id, post_id, content) values (965, 1, 97, 'mauris morbi non');
insert into comment (comment_id, member_id, post_id, content) values (966, 1, 97, 'nibh fusce');
insert into comment (comment_id, member_id, post_id, content) values (967, 1, 97, 'rutrum nulla');
insert into comment (comment_id, member_id, post_id, content) values (968, 1, 97, 'est congue elementum in hac habitasse platea dictumst morbi');
insert into comment (comment_id, member_id, post_id, content) values (969, 1, 97, 'nisi eu orci mauris lacinia sapien quis libero');
insert into comment (comment_id, member_id, post_id, content) values (970, 1, 98, 'molestie lorem quisque ut erat curabitur gravida');
insert into comment (comment_id, member_id, post_id, content) values (971, 1, 98, 'dapibus dolor vel est donec');
insert into comment (comment_id, member_id, post_id, content) values (972, 1, 98, 'nisl duis ac nibh fusce lacus purus aliquet at');
insert into comment (comment_id, member_id, post_id, content) values (973, 1, 98, 'elit sodales scelerisque mauris sit');
insert into comment (comment_id, member_id, post_id, content) values (974, 1, 98, 'in imperdiet et commodo vulputate justo');
insert into comment (comment_id, member_id, post_id, content) values (975, 1, 98, 'nunc proin');
insert into comment (comment_id, member_id, post_id, content) values (976, 1, 98, 'quam');
insert into comment (comment_id, member_id, post_id, content) values (977, 1, 98, 'tempus sit amet sem fusce consequat nulla nisl nunc');
insert into comment (comment_id, member_id, post_id, content) values (978, 1, 98, 'molestie sed justo pellentesque');
insert into comment (comment_id, member_id, post_id, content) values (979, 1, 98, 'at dolor quis odio consequat varius integer ac leo');
insert into comment (comment_id, member_id, post_id, content) values (980, 1, 99, 'interdum venenatis turpis enim blandit mi in porttitor pede');
insert into comment (comment_id, member_id, post_id, content) values (981, 1, 99, 'turpis donec posuere metus vitae ipsum aliquam non');
insert into comment (comment_id, member_id, post_id, content) values (982, 1, 99, 'lectus pellentesque at nulla suspendisse potenti cras in purus eu');
insert into comment (comment_id, member_id, post_id, content) values (983, 1, 99, 'faucibus orci luctus et');
insert into comment (comment_id, member_id, post_id, content) values (984, 1, 99, 'lorem vitae mattis nibh ligula');
insert into comment (comment_id, member_id, post_id, content) values (985, 1, 99, 'sit amet nunc viverra dapibus nulla');
insert into comment (comment_id, member_id, post_id, content) values (986, 1, 99, 'hac habitasse platea dictumst morbi vestibulum velit id');
insert into comment (comment_id, member_id, post_id, content) values (987, 1, 99, 'risus');
insert into comment (comment_id, member_id, post_id, content) values (988, 1, 99, 'urna pretium nisl ut volutpat sapien arcu sed augue');
insert into comment (comment_id, member_id, post_id, content) values (989, 1, 99, 'in purus eu magna vulputate luctus cum');

